file,label
img_44733.jpg,1.0
img_72999.jpg,1.0
img_25094.jpg,1.0
img_69092.jpg,1.0
img_92629.jpg,1.0
img_3370.jpg,1.0
img_58560.jpg,1.0
img_35779.jpg,1.0
img_10012.jpg,1.0
img_70354.jpg,1.0
img_54617.jpg,1.0
img_26684.jpg,1.0
img_82409.jpg,1.0
img_5585.jpg,1.0
img_19029.jpg,1.0
img_40930.jpg,1.0
img_31547.jpg,1.0
img_87373.jpg,1.0
img_66355.jpg,1.0
img_37344.jpg,1.0
img_54848.jpg,1.0
img_59964.jpg,1.0
img_70675.jpg,1.0
img_43317.jpg,1.0
img_13585.jpg,1.0
img_63064.jpg,1.0
img_91058.jpg,1.0
img_18198.jpg,1.0
img_55108.jpg,1.0
img_87789.jpg,1.0
img_11582.jpg,1.0
img_24152.jpg,1.0
img_28404.jpg,1.0
img_8868.jpg,1.0
img_14949.jpg,1.0
img_41276.jpg,1.0
img_70611.jpg,1.0
img_42895.jpg,1.0
img_87995.jpg,1.0
img_40990.jpg,1.0
img_68866.jpg,1.0
img_71265.jpg,1.0
img_90102.jpg,1.0
img_3570.jpg,1.0
img_48323.jpg,1.0
img_13073.jpg,1.0
img_80662.jpg,1.0
img_39046.jpg,1.0
img_89021.jpg,1.0
img_23447.jpg,1.0
img_6563.jpg,1.0
img_98115.jpg,1.0
img_25670.jpg,1.0
img_49392.jpg,1.0
img_22191.jpg,1.0
img_90443.jpg,1.0
img_92014.jpg,1.0
img_20310.jpg,1.0
img_66379.jpg,1.0
img_15221.jpg,1.0
img_48187.jpg,1.0
img_72300.jpg,1.0
img_69672.jpg,1.0
img_16856.jpg,0.0
img_8410.jpg,0.0
img_15559.jpg,0.0
img_4562.jpg,0.0
img_11478.jpg,0.0
img_13840.jpg,0.0
img_6329.jpg,0.0
img_13160.jpg,0.0
img_5877.jpg,0.0
img_1472.jpg,0.0
img_1916.jpg,0.0
img_11776.jpg,0.0
img_7916.jpg,0.0
img_16652.jpg,0.0
img_6885.jpg,0.0
img_7720.jpg,0.0
img_42941.jpg,0.0
img_67174.jpg,0.0
img_45764.jpg,0.0
img_51343.jpg,0.0
img_57904.jpg,0.0
img_70071.jpg,0.0
img_72291.jpg,0.0
img_38985.jpg,0.0
img_65864.jpg,0.0
img_61300.jpg,0.0
img_61758.jpg,0.0
img_68885.jpg,0.0
img_64296.jpg,0.0
img_59437.jpg,0.0
img_41918.jpg,0.0
img_58738.jpg,0.0
img_44299.jpg,0.0
img_61806.jpg,0.0
img_47349.jpg,0.0
img_35449.jpg,0.0
img_42547.jpg,0.0
img_37594.jpg,0.0
img_56800.jpg,0.0
img_54278.jpg,0.0
img_62871.jpg,0.0
img_1565.jpg,0.0
img_1455.jpg,0.0
img_12346.jpg,0.0
img_6859.jpg,0.0
img_10034.jpg,0.0
img_16521.jpg,0.0
img_15716.jpg,0.0
img_59318.jpg,0.0
img_63575.jpg,0.0
img_75950.jpg,0.0
img_62882.jpg,0.0
img_8442.jpg,0.0
img_8817.jpg,0.0
img_16411.jpg,0.0
img_4463.jpg,0.0
img_12479.jpg,0.0
img_23561.jpg,0.0
img_22226.jpg,0.0
img_4617.jpg,0.0
img_7776.jpg,0.0
img_15426.jpg,0.0
img_19995.jpg,0.0
img_10206.jpg,1.0
img_27079.jpg,1.0
img_97089.jpg,1.0
img_65697.jpg,1.0
img_3866.jpg,1.0
img_31885.jpg,1.0
img_41423.jpg,1.0
img_71304.jpg,1.0
img_1367.jpg,1.0
img_29348.jpg,1.0
img_20878.jpg,1.0
img_98046.jpg,1.0
img_57583.jpg,1.0
img_27214.jpg,1.0
img_973.jpg,1.0
img_9006.jpg,1.0
img_28357.jpg,1.0
img_56851.jpg,1.0
img_62066.jpg,1.0
img_40209.jpg,1.0
img_49423.jpg,1.0
img_71160.jpg,1.0
img_1267.jpg,1.0
img_17723.jpg,1.0
img_88538.jpg,1.0
img_96522.jpg,1.0
img_31289.jpg,1.0
img_67875.jpg,1.0
img_2813.jpg,1.0
img_59570.jpg,1.0
img_70406.jpg,1.0
img_60168.jpg,1.0
img_50246.jpg,1.0
img_65097.jpg,1.0
img_24419.jpg,1.0
img_89135.jpg,1.0
img_93208.jpg,1.0
img_67865.jpg,1.0
img_31623.jpg,1.0
img_55312.jpg,1.0
img_35231.jpg,1.0
img_38321.jpg,1.0
img_75305.jpg,1.0
img_40038.jpg,1.0
img_5957.jpg,1.0
img_76418.jpg,1.0
img_31613.jpg,1.0
img_48334.jpg,1.0
img_53945.jpg,1.0
img_10225.jpg,1.0
img_78131.jpg,1.0
img_49775.jpg,1.0
img_72668.jpg,1.0
img_63634.jpg,1.0
img_7473.jpg,1.0
img_61373.jpg,1.0
img_40020.jpg,1.0
img_64638.jpg,1.0
img_10609.jpg,1.0
img_59778.jpg,1.0
img_26166.jpg,1.0
img_20350.jpg,1.0
img_80288.jpg,1.0
img_15571.jpg,1.0
img_37234.jpg,1.0
img_15121.jpg,0.0
img_9820.jpg,0.0
img_17460.jpg,0.0
img_4137.jpg,0.0
img_36137.jpg,0.0
img_73225.jpg,0.0
img_61039.jpg,0.0
img_36123.jpg,0.0
img_62608.jpg,0.0
img_63326.jpg,0.0
img_57207.jpg,0.0
img_33882.jpg,0.0
img_40814.jpg,0.0
img_45279.jpg,0.0
img_51435.jpg,0.0
img_41946.jpg,0.0
img_39984.jpg,0.0
img_34841.jpg,0.0
img_37855.jpg,0.0
img_33461.jpg,0.0
img_51693.jpg,0.0
img_48277.jpg,0.0
img_37467.jpg,0.0
img_48255.jpg,0.0
img_72490.jpg,0.0
img_60905.jpg,0.0
img_59206.jpg,0.0
img_69025.jpg,0.0
img_56290.jpg,0.0
img_62328.jpg,0.0
img_48473.jpg,0.0
img_60040.jpg,0.0
img_36377.jpg,0.0
img_46210.jpg,0.0
img_11248.jpg,0.0
img_14752.jpg,0.0
img_3317.jpg,0.0
img_14879.jpg,0.0
img_592.jpg,0.0
img_11340.jpg,0.0
img_4842.jpg,0.0
img_11920.jpg,0.0
img_66357.jpg,0.0
img_61238.jpg,0.0
img_70257.jpg,0.0
img_79188.jpg,0.0
img_71127.jpg,0.0
img_72542.jpg,0.0
img_67465.jpg,0.0
img_62473.jpg,0.0
img_74399.jpg,0.0
img_77274.jpg,0.0
img_65846.jpg,0.0
img_81249.jpg,0.0
img_63260.jpg,0.0
img_69524.jpg,0.0
img_71586.jpg,0.0
img_67896.jpg,0.0
img_59172.jpg,0.0
img_75274.jpg,0.0
img_12267.jpg,0.0
img_10252.jpg,0.0
img_22372.jpg,0.0
img_19427.jpg,0.0
img_19836.jpg,0.0
img_9043.jpg,0.0
img_845.jpg,0.0
img_9666.jpg,0.0
img_72495.jpg,1.0
img_100312.jpg,1.0
img_12279.jpg,1.0
img_60454.jpg,1.0
img_70870.jpg,1.0
img_38951.jpg,1.0
img_68412.jpg,1.0
img_87016.jpg,1.0
img_98402.jpg,1.0
img_15780.jpg,1.0
img_69573.jpg,1.0
img_69607.jpg,1.0
img_20018.jpg,1.0
img_13916.jpg,1.0
img_39938.jpg,1.0
img_69977.jpg,1.0
img_93422.jpg,1.0
img_96198.jpg,1.0
img_95169.jpg,1.0
img_34530.jpg,1.0
img_8156.jpg,1.0
img_55895.jpg,1.0
img_67176.jpg,1.0
img_42001.jpg,1.0
img_23182.jpg,1.0
img_47225.jpg,1.0
img_47393.jpg,1.0
img_35474.jpg,1.0
img_8954.jpg,1.0
img_49875.jpg,1.0
img_31778.jpg,1.0
img_37897.jpg,1.0
img_40457.jpg,1.0
img_5605.jpg,1.0
img_98068.jpg,1.0
img_4447.jpg,1.0
img_4450.jpg,1.0
img_40967.jpg,1.0
img_22519.jpg,1.0
img_7828.jpg,1.0
img_53191.jpg,1.0
img_46190.jpg,1.0
img_1005.jpg,1.0
img_41017.jpg,1.0
img_23996.jpg,1.0
img_55791.jpg,1.0
img_95735.jpg,1.0
img_95086.jpg,1.0
img_89168.jpg,1.0
img_26701.jpg,1.0
img_31479.jpg,1.0
img_42232.jpg,1.0
img_67429.jpg,1.0
img_97281.jpg,1.0
img_67041.jpg,1.0
img_86599.jpg,1.0
img_58289.jpg,1.0
img_90747.jpg,1.0
img_47847.jpg,1.0
img_48062.jpg,1.0
img_41096.jpg,1.0
img_24984.jpg,1.0
img_80259.jpg,1.0
img_7415.jpg,1.0
img_60373.jpg,1.0
img_45304.jpg,1.0
img_91624.jpg,1.0
img_59598.jpg,1.0
img_64461.jpg,1.0
img_70787.jpg,1.0
img_89051.jpg,1.0
img_55385.jpg,1.0
img_22499.jpg,1.0
img_44627.jpg,1.0
img_38539.jpg,1.0
img_15501.jpg,0.0
img_12181.jpg,0.0
img_6678.jpg,0.0
img_16861.jpg,0.0
img_16382.jpg,0.0
img_10812.jpg,0.0
img_1420.jpg,0.0
img_5503.jpg,0.0
img_4747.jpg,0.0
img_7322.jpg,0.0
img_3658.jpg,0.0
img_13179.jpg,0.0
img_7470.jpg,0.0
img_7837.jpg,0.0
img_72914.jpg,0.0
img_69428.jpg,0.0
img_59705.jpg,0.0
img_38486.jpg,0.0
img_61790.jpg,0.0
img_47230.jpg,0.0
img_72680.jpg,0.0
img_53127.jpg,0.0
img_37269.jpg,0.0
img_69721.jpg,0.0
img_51989.jpg,0.0
img_58411.jpg,0.0
img_46496.jpg,0.0
img_69900.jpg,0.0
img_39826.jpg,0.0
img_48228.jpg,0.0
img_45228.jpg,0.0
img_69113.jpg,0.0
img_60945.jpg,0.0
img_37310.jpg,0.0
img_45950.jpg,0.0
img_45539.jpg,0.0
img_72579.jpg,0.0
img_45293.jpg,0.0
img_53796.jpg,0.0
img_12011.jpg,0.0
img_1153.jpg,0.0
img_14187.jpg,0.0
img_9225.jpg,0.0
img_1145.jpg,0.0
img_13964.jpg,0.0
img_4087.jpg,0.0
img_216.jpg,0.0
img_9157.jpg,0.0
img_13607.jpg,0.0
img_15717.jpg,0.0
img_12557.jpg,0.0
img_77156.jpg,0.0
img_66833.jpg,0.0
img_66351.jpg,0.0
img_80502.jpg,0.0
img_70644.jpg,0.0
img_67180.jpg,0.0
img_57333.jpg,0.0
img_71390.jpg,0.0
img_59426.jpg,0.0
img_64909.jpg,0.0
img_59706.jpg,0.0
img_76773.jpg,0.0
img_64386.jpg,0.0
img_63990.jpg,0.0
img_62412.jpg,0.0
img_63308.jpg,0.0
img_60902.jpg,0.0
img_81594.jpg,0.0
img_58837.jpg,0.0
img_69592.jpg,0.0
img_79286.jpg,0.0
img_79824.jpg,0.0
img_71169.jpg,0.0
img_82074.jpg,0.0
img_7398.jpg,0.0
img_14810.jpg,0.0
img_10698.jpg,0.0
img_629.jpg,0.0
img_8744.jpg,0.0
img_19905.jpg,0.0
img_17270.jpg,0.0
img_20094.jpg,0.0
img_5248.jpg,0.0
img_10094.jpg,0.0
img_8968.jpg,0.0
img_2757.jpg,0.0
img_48693.jpg,1.0
img_58514.jpg,1.0
img_62307.jpg,1.0
img_83984.jpg,1.0
img_91199.jpg,1.0
img_9484.jpg,1.0
img_48931.jpg,1.0
img_48886.jpg,1.0
img_86427.jpg,1.0
img_91696.jpg,1.0
img_69086.jpg,1.0
img_95339.jpg,1.0
img_39641.jpg,1.0
img_71674.jpg,1.0
img_36808.jpg,1.0
img_5519.jpg,1.0
img_47384.jpg,1.0
img_36445.jpg,1.0
img_51537.jpg,1.0
img_16467.jpg,1.0
img_82101.jpg,1.0
img_95056.jpg,1.0
img_94133.jpg,1.0
img_12237.jpg,1.0
img_10582.jpg,1.0
img_14621.jpg,1.0
img_14970.jpg,1.0
img_74672.jpg,1.0
img_100026.jpg,1.0
img_83502.jpg,1.0
img_93917.jpg,1.0
img_92507.jpg,1.0
img_12017.jpg,1.0
img_61415.jpg,1.0
img_2205.jpg,1.0
img_85798.jpg,1.0
img_39595.jpg,1.0
img_24291.jpg,1.0
img_22411.jpg,1.0
img_87735.jpg,1.0
img_27901.jpg,1.0
img_51736.jpg,1.0
img_1063.jpg,1.0
img_86533.jpg,1.0
img_79538.jpg,1.0
img_88057.jpg,1.0
img_73279.jpg,1.0
img_4020.jpg,1.0
img_19401.jpg,1.0
img_37346.jpg,1.0
img_81517.jpg,1.0
img_56056.jpg,1.0
img_101175.jpg,1.0
img_57075.jpg,1.0
img_28215.jpg,1.0
img_15197.jpg,1.0
img_28185.jpg,1.0
img_58791.jpg,1.0
img_50618.jpg,1.0
img_7031.jpg,1.0
img_97027.jpg,1.0
img_2113.jpg,1.0
img_51478.jpg,1.0
img_10314.jpg,1.0
img_43958.jpg,1.0
img_6039.jpg,0.0
img_2477.jpg,0.0
img_8895.jpg,0.0
img_3590.jpg,0.0
img_3963.jpg,0.0
img_10851.jpg,0.0
img_8220.jpg,0.0
img_8349.jpg,0.0
img_8888.jpg,0.0
img_11034.jpg,0.0
img_7665.jpg,0.0
img_15483.jpg,0.0
img_17933.jpg,0.0
img_15079.jpg,0.0
img_7941.jpg,0.0
img_36309.jpg,0.0
img_61702.jpg,0.0
img_63804.jpg,0.0
img_51594.jpg,0.0
img_67408.jpg,0.0
img_34964.jpg,0.0
img_67222.jpg,0.0
img_52819.jpg,0.0
img_42259.jpg,0.0
img_66221.jpg,0.0
img_41294.jpg,0.0
img_61565.jpg,0.0
img_55162.jpg,0.0
img_48638.jpg,0.0
img_69156.jpg,0.0
img_59138.jpg,0.0
img_57358.jpg,0.0
img_48607.jpg,0.0
img_17291.jpg,0.0
img_14322.jpg,0.0
img_1317.jpg,0.0
img_11605.jpg,0.0
img_14229.jpg,0.0
img_2437.jpg,0.0
img_2178.jpg,0.0
img_7943.jpg,0.0
img_15577.jpg,0.0
img_7574.jpg,0.0
img_4799.jpg,0.0
img_73258.jpg,0.0
img_58436.jpg,0.0
img_68963.jpg,0.0
img_58155.jpg,0.0
img_60279.jpg,0.0
img_79534.jpg,0.0
img_65601.jpg,0.0
img_75932.jpg,0.0
img_77239.jpg,0.0
img_70346.jpg,0.0
img_67631.jpg,0.0
img_80417.jpg,0.0
img_76757.jpg,0.0
img_62980.jpg,0.0
img_71730.jpg,0.0
img_61495.jpg,0.0
img_79352.jpg,0.0
img_59246.jpg,0.0
img_69881.jpg,0.0
img_60021.jpg,0.0
img_71984.jpg,0.0
img_5609.jpg,0.0
img_17832.jpg,0.0
img_9763.jpg,0.0
img_20402.jpg,0.0
img_8656.jpg,0.0
img_6497.jpg,0.0
img_11499.jpg,0.0
img_4904.jpg,0.0
img_51066.jpg,1.0
img_12053.jpg,1.0
img_57898.jpg,1.0
img_47068.jpg,1.0
img_7276.jpg,1.0
img_69376.jpg,1.0
img_32510.jpg,1.0
img_85416.jpg,1.0
img_84397.jpg,1.0
img_3730.jpg,1.0
img_62095.jpg,1.0
img_55604.jpg,1.0
img_80458.jpg,1.0
img_35627.jpg,1.0
img_39113.jpg,1.0
img_24864.jpg,1.0
img_83780.jpg,1.0
img_17594.jpg,1.0
img_8670.jpg,1.0
img_43433.jpg,1.0
img_63832.jpg,1.0
img_84114.jpg,1.0
img_67547.jpg,1.0
img_85906.jpg,1.0
img_8031.jpg,1.0
img_35443.jpg,1.0
img_51346.jpg,1.0
img_31110.jpg,1.0
img_52653.jpg,1.0
img_47017.jpg,1.0
img_8264.jpg,1.0
img_20601.jpg,1.0
img_53250.jpg,1.0
img_73162.jpg,1.0
img_95649.jpg,1.0
img_35917.jpg,1.0
img_74771.jpg,1.0
img_74116.jpg,1.0
img_48589.jpg,1.0
img_10327.jpg,1.0
img_89621.jpg,1.0
img_54750.jpg,1.0
img_49623.jpg,1.0
img_57969.jpg,1.0
img_80117.jpg,1.0
img_69861.jpg,1.0
img_61788.jpg,1.0
img_65047.jpg,1.0
img_8081.jpg,1.0
img_92164.jpg,1.0
img_92936.jpg,1.0
img_59566.jpg,1.0
img_72865.jpg,1.0
img_54337.jpg,1.0
img_11061.jpg,1.0
img_53234.jpg,1.0
img_59077.jpg,1.0
img_96311.jpg,1.0
img_83391.jpg,1.0
img_69408.jpg,1.0
img_24009.jpg,1.0
img_40332.jpg,1.0
img_42387.jpg,1.0
img_69407.jpg,1.0
img_45276.jpg,1.0
img_63493.jpg,1.0
img_68304.jpg,1.0
img_19505.jpg,1.0
img_95306.jpg,1.0
img_29245.jpg,1.0
img_80294.jpg,1.0
img_38276.jpg,1.0
img_74762.jpg,1.0
img_24917.jpg,1.0
img_1746.jpg,1.0
img_33405.jpg,1.0
img_15565.jpg,1.0
img_43079.jpg,1.0
img_14680.jpg,1.0
img_95862.jpg,1.0
img_43226.jpg,1.0
img_28293.jpg,1.0
img_63349.jpg,1.0
img_59338.jpg,1.0
img_22702.jpg,1.0
img_36151.jpg,1.0
img_20948.jpg,1.0
img_73463.jpg,1.0
img_60098.jpg,1.0
img_22287.jpg,1.0
img_9587.jpg,0.0
img_14936.jpg,0.0
img_13470.jpg,0.0
img_4330.jpg,0.0
img_9610.jpg,0.0
img_7080.jpg,0.0
img_3044.jpg,0.0
img_15436.jpg,0.0
img_2648.jpg,0.0
img_557.jpg,0.0
img_10804.jpg,0.0
img_4217.jpg,0.0
img_5590.jpg,0.0
img_15790.jpg,0.0
img_54317.jpg,0.0
img_71718.jpg,0.0
img_36398.jpg,0.0
img_51217.jpg,0.0
img_41980.jpg,0.0
img_62163.jpg,0.0
img_37694.jpg,0.0
img_53768.jpg,0.0
img_33975.jpg,0.0
img_55903.jpg,0.0
img_51509.jpg,0.0
img_48125.jpg,0.0
img_50040.jpg,0.0
img_74436.jpg,0.0
img_66916.jpg,0.0
img_38657.jpg,0.0
img_39052.jpg,0.0
img_65501.jpg,0.0
img_37999.jpg,0.0
img_59859.jpg,0.0
img_73240.jpg,0.0
img_60764.jpg,0.0
img_40763.jpg,0.0
img_61235.jpg,0.0
img_64426.jpg,0.0
img_50119.jpg,0.0
img_72824.jpg,0.0
img_42430.jpg,0.0
img_36162.jpg,0.0
img_46808.jpg,0.0
img_44326.jpg,0.0
img_70939.jpg,0.0
img_14081.jpg,0.0
img_7367.jpg,0.0
img_9364.jpg,0.0
img_3078.jpg,0.0
img_1273.jpg,0.0
img_7075.jpg,0.0
img_14690.jpg,0.0
img_14264.jpg,0.0
img_4287.jpg,0.0
img_17322.jpg,0.0
img_11177.jpg,0.0
img_9709.jpg,0.0
img_5260.jpg,0.0
img_16169.jpg,0.0
img_16866.jpg,0.0
img_392.jpg,0.0
img_6899.jpg,0.0
img_17120.jpg,0.0
img_2770.jpg,0.0
img_7122.jpg,0.0
img_73132.jpg,0.0
img_76395.jpg,0.0
img_74296.jpg,0.0
img_72446.jpg,0.0
img_70122.jpg,0.0
img_57460.jpg,0.0
img_68567.jpg,0.0
img_64790.jpg,0.0
img_58465.jpg,0.0
img_66089.jpg,0.0
img_64316.jpg,0.0
img_78761.jpg,0.0
img_65472.jpg,0.0
img_76958.jpg,0.0
img_72913.jpg,0.0
img_68215.jpg,0.0
img_67671.jpg,0.0
img_67218.jpg,0.0
img_58149.jpg,0.0
img_62125.jpg,0.0
img_57877.jpg,0.0
img_80041.jpg,0.0
img_10919.jpg,0.0
img_15508.jpg,0.0
img_3012.jpg,0.0
img_14025.jpg,0.0
img_19405.jpg,0.0
img_602.jpg,0.0
img_20363.jpg,0.0
img_8248.jpg,0.0
img_17812.jpg,0.0
img_20154.jpg,0.0
img_7344.jpg,0.0
img_3407.jpg,0.0
img_2511.jpg,0.0
img_5037.jpg,0.0
img_17773.jpg,0.0
img_12876.jpg,0.0
img_794.jpg,0.0
img_7328.jpg,0.0
img_5771.jpg,0.0
img_17889.jpg,0.0
img_58285.jpg,1.0
img_31808.jpg,1.0
img_34091.jpg,1.0
img_17767.jpg,1.0
img_2528.jpg,1.0
img_18895.jpg,1.0
img_24692.jpg,1.0
img_83000.jpg,1.0
img_64413.jpg,1.0
img_31460.jpg,1.0
img_51849.jpg,1.0
img_73830.jpg,1.0
img_52101.jpg,1.0
img_24638.jpg,1.0
img_94283.jpg,1.0
img_42798.jpg,1.0
img_95525.jpg,1.0
img_31461.jpg,1.0
img_6396.jpg,1.0
img_62643.jpg,1.0
img_41078.jpg,1.0
img_70073.jpg,1.0
img_99086.jpg,1.0
img_91903.jpg,1.0
img_65491.jpg,1.0
img_80290.jpg,1.0
img_51918.jpg,1.0
img_35642.jpg,1.0
img_74317.jpg,1.0
img_4054.jpg,1.0
img_98275.jpg,1.0
img_71196.jpg,1.0
img_948.jpg,1.0
img_86402.jpg,1.0
img_17538.jpg,1.0
img_44644.jpg,1.0
img_37570.jpg,1.0
img_85624.jpg,1.0
img_23631.jpg,1.0
img_57905.jpg,1.0
img_31424.jpg,1.0
img_73813.jpg,1.0
img_35136.jpg,1.0
img_100656.jpg,1.0
img_56098.jpg,1.0
img_63859.jpg,1.0
img_62583.jpg,1.0
img_101286.jpg,1.0
img_35539.jpg,1.0
img_21822.jpg,1.0
img_99271.jpg,1.0
img_92430.jpg,1.0
img_15310.jpg,1.0
img_6087.jpg,1.0
img_88426.jpg,1.0
img_62023.jpg,1.0
img_84204.jpg,1.0
img_89689.jpg,1.0
img_27472.jpg,1.0
img_67217.jpg,1.0
img_61067.jpg,1.0
img_66842.jpg,1.0
img_82185.jpg,1.0
img_9241.jpg,1.0
img_84822.jpg,1.0
img_53145.jpg,1.0
img_9395.jpg,1.0
img_4149.jpg,1.0
img_86589.jpg,1.0
img_21709.jpg,1.0
img_18523.jpg,1.0
img_28286.jpg,1.0
img_99651.jpg,1.0
img_7829.jpg,1.0
img_54419.jpg,1.0
img_77252.jpg,1.0
img_100257.jpg,1.0
img_16568.jpg,1.0
img_42143.jpg,1.0
img_2334.jpg,1.0
img_77890.jpg,1.0
img_90464.jpg,1.0
img_87330.jpg,1.0
img_98442.jpg,1.0
img_35235.jpg,1.0
img_3420.jpg,1.0
img_32779.jpg,1.0
img_82563.jpg,1.0
img_54047.jpg,1.0
img_72332.jpg,1.0
img_80170.jpg,1.0
img_24382.jpg,1.0
img_20498.jpg,1.0
img_13699.jpg,1.0
img_9198.jpg,1.0
img_2695.jpg,1.0
img_79266.jpg,1.0
img_77169.jpg,1.0
img_15463.jpg,1.0
img_92731.jpg,1.0
img_26413.jpg,1.0
img_39865.jpg,1.0
img_49110.jpg,1.0
img_47474.jpg,1.0
img_29923.jpg,1.0
img_79819.jpg,1.0
img_1939.jpg,0.0
img_12579.jpg,0.0
img_2917.jpg,0.0
img_17527.jpg,0.0
img_11444.jpg,0.0
img_12186.jpg,0.0
img_15333.jpg,0.0
img_5893.jpg,0.0
img_4454.jpg,0.0
img_13543.jpg,0.0
img_9726.jpg,0.0
img_5898.jpg,0.0
img_14420.jpg,0.0
img_17994.jpg,0.0
img_18003.jpg,0.0
img_17748.jpg,0.0
img_2500.jpg,0.0
img_13102.jpg,0.0
img_67275.jpg,0.0
img_63309.jpg,0.0
img_37711.jpg,0.0
img_68364.jpg,0.0
img_60738.jpg,0.0
img_33252.jpg,0.0
img_51277.jpg,0.0
img_40815.jpg,0.0
img_64796.jpg,0.0
img_67164.jpg,0.0
img_40897.jpg,0.0
img_63526.jpg,0.0
img_35067.jpg,0.0
img_38093.jpg,0.0
img_48182.jpg,0.0
img_71081.jpg,0.0
img_35894.jpg,0.0
img_49866.jpg,0.0
img_52919.jpg,0.0
img_33418.jpg,0.0
img_68970.jpg,0.0
img_57981.jpg,0.0
img_38467.jpg,0.0
img_69056.jpg,0.0
img_38384.jpg,0.0
img_40689.jpg,0.0
img_58270.jpg,0.0
img_64968.jpg,0.0
img_70331.jpg,0.0
img_53265.jpg,0.0
img_48207.jpg,0.0
img_64611.jpg,0.0
img_61855.jpg,0.0
img_63855.jpg,0.0
img_63085.jpg,0.0
img_74663.jpg,0.0
img_57526.jpg,0.0
img_10928.jpg,0.0
img_8363.jpg,0.0
img_10879.jpg,0.0
img_14564.jpg,0.0
img_13512.jpg,0.0
img_11677.jpg,0.0
img_12248.jpg,0.0
img_3342.jpg,0.0
img_1329.jpg,0.0
img_9812.jpg,0.0
img_8832.jpg,0.0
img_15799.jpg,0.0
img_9699.jpg,0.0
img_4518.jpg,0.0
img_1645.jpg,0.0
img_82324.jpg,0.0
img_57590.jpg,0.0
img_62517.jpg,0.0
img_78820.jpg,0.0
img_58937.jpg,0.0
img_61494.jpg,0.0
img_59035.jpg,0.0
img_61983.jpg,0.0
img_66120.jpg,0.0
img_75515.jpg,0.0
img_67738.jpg,0.0
img_71201.jpg,0.0
img_76399.jpg,0.0
img_61155.jpg,0.0
img_70628.jpg,0.0
img_81356.jpg,0.0
img_60776.jpg,0.0
img_79905.jpg,0.0
img_82855.jpg,0.0
img_75719.jpg,0.0
img_78507.jpg,0.0
img_68346.jpg,0.0
img_81718.jpg,0.0
img_14205.jpg,0.0
img_4732.jpg,0.0
img_23827.jpg,0.0
img_6778.jpg,0.0
img_22875.jpg,0.0
img_8897.jpg,0.0
img_16215.jpg,0.0
img_1160.jpg,0.0
img_21487.jpg,0.0
img_6949.jpg,0.0
img_6060.jpg,0.0
img_5861.jpg,0.0
img_6057.jpg,0.0
img_10591.jpg,0.0
img_21502.jpg,0.0
img_25778.jpg,1.0
img_38502.jpg,1.0
img_80858.jpg,1.0
img_20966.jpg,1.0
img_47216.jpg,1.0
img_33475.jpg,1.0
img_86013.jpg,1.0
img_57235.jpg,1.0
img_70421.jpg,1.0
img_80661.jpg,1.0
img_76610.jpg,1.0
img_35203.jpg,1.0
img_80967.jpg,1.0
img_35290.jpg,1.0
img_98415.jpg,1.0
img_85275.jpg,1.0
img_31857.jpg,1.0
img_15882.jpg,1.0
img_24771.jpg,1.0
img_67811.jpg,1.0
img_35878.jpg,1.0
img_27282.jpg,1.0
img_74351.jpg,1.0
img_52570.jpg,1.0
img_69446.jpg,1.0
img_32074.jpg,1.0
img_45671.jpg,1.0
img_58093.jpg,1.0
img_88021.jpg,1.0
img_95047.jpg,1.0
img_50371.jpg,1.0
img_96725.jpg,1.0
img_88321.jpg,1.0
img_40865.jpg,1.0
img_79289.jpg,1.0
img_59992.jpg,1.0
img_24190.jpg,1.0
img_100456.jpg,1.0
img_68746.jpg,1.0
img_36910.jpg,1.0
img_9678.jpg,1.0
img_58710.jpg,1.0
img_316.jpg,1.0
img_3432.jpg,1.0
img_85194.jpg,1.0
img_23910.jpg,1.0
img_58679.jpg,1.0
img_86407.jpg,1.0
img_33800.jpg,1.0
img_3726.jpg,1.0
img_53025.jpg,1.0
img_32486.jpg,1.0
img_41958.jpg,1.0
img_5232.jpg,1.0
img_75414.jpg,1.0
img_23082.jpg,1.0
img_16035.jpg,1.0
img_65599.jpg,1.0
img_29868.jpg,1.0
img_92947.jpg,1.0
img_39681.jpg,1.0
img_58104.jpg,1.0
img_26502.jpg,1.0
img_79262.jpg,1.0
img_82934.jpg,1.0
img_38088.jpg,1.0
img_10003.jpg,1.0
img_33238.jpg,1.0
img_58950.jpg,1.0
img_66814.jpg,1.0
img_6614.jpg,1.0
img_38377.jpg,1.0
img_23144.jpg,1.0
img_50577.jpg,1.0
img_77846.jpg,1.0
img_70429.jpg,1.0
img_77738.jpg,1.0
img_39956.jpg,1.0
img_67092.jpg,1.0
img_53698.jpg,1.0
img_51078.jpg,1.0
img_32810.jpg,1.0
img_100050.jpg,1.0
img_13628.jpg,1.0
img_97792.jpg,1.0
img_58541.jpg,1.0
img_2704.jpg,1.0
img_87969.jpg,1.0
img_77595.jpg,1.0
img_96136.jpg,1.0
img_71758.jpg,1.0
img_99461.jpg,1.0
img_5329.jpg,1.0
img_60026.jpg,1.0
img_29877.jpg,1.0
img_47634.jpg,1.0
img_95810.jpg,1.0
img_63842.jpg,1.0
img_81971.jpg,1.0
img_82122.jpg,1.0
img_58938.jpg,1.0
img_86795.jpg,1.0
img_101032.jpg,1.0
img_84418.jpg,1.0
img_95760.jpg,1.0
img_2805.jpg,1.0
img_71768.jpg,1.0
img_77315.jpg,1.0
img_60928.jpg,1.0
img_6579.jpg,0.0
img_6320.jpg,0.0
img_13164.jpg,0.0
img_6609.jpg,0.0
img_6740.jpg,0.0
img_5932.jpg,0.0
img_15232.jpg,0.0
img_14186.jpg,0.0
img_7893.jpg,0.0
img_6407.jpg,0.0
img_48628.jpg,0.0
img_73007.jpg,0.0
img_41722.jpg,0.0
img_59105.jpg,0.0
img_33951.jpg,0.0
img_52671.jpg,0.0
img_68369.jpg,0.0
img_39193.jpg,0.0
img_57399.jpg,0.0
img_46056.jpg,0.0
img_54809.jpg,0.0
img_59106.jpg,0.0
img_60348.jpg,0.0
img_43841.jpg,0.0
img_61842.jpg,0.0
img_46599.jpg,0.0
img_57389.jpg,0.0
img_60911.jpg,0.0
img_54455.jpg,0.0
img_43644.jpg,0.0
img_41219.jpg,0.0
img_70097.jpg,0.0
img_50575.jpg,0.0
img_69982.jpg,0.0
img_61715.jpg,0.0
img_63706.jpg,0.0
img_34358.jpg,0.0
img_43028.jpg,0.0
img_36872.jpg,0.0
img_38429.jpg,0.0
img_44633.jpg,0.0
img_56229.jpg,0.0
img_58777.jpg,0.0
img_70357.jpg,0.0
img_47096.jpg,0.0
img_34008.jpg,0.0
img_57965.jpg,0.0
img_74251.jpg,0.0
img_45353.jpg,0.0
img_48035.jpg,0.0
img_43297.jpg,0.0
img_61167.jpg,0.0
img_34137.jpg,0.0
img_66890.jpg,0.0
img_74708.jpg,0.0
img_64645.jpg,0.0
img_58982.jpg,0.0
img_45937.jpg,0.0
img_43560.jpg,0.0
img_9142.jpg,0.0
img_16407.jpg,0.0
img_14803.jpg,0.0
img_9858.jpg,0.0
img_12347.jpg,0.0
img_11023.jpg,0.0
img_15274.jpg,0.0
img_955.jpg,0.0
img_6054.jpg,0.0
img_4592.jpg,0.0
img_4135.jpg,0.0
img_6940.jpg,0.0
img_3325.jpg,0.0
img_8155.jpg,0.0
img_3715.jpg,0.0
img_15329.jpg,0.0
img_2956.jpg,0.0
img_62274.jpg,0.0
img_61976.jpg,0.0
img_79199.jpg,0.0
img_74878.jpg,0.0
img_82059.jpg,0.0
img_59087.jpg,0.0
img_69678.jpg,0.0
img_61420.jpg,0.0
img_67677.jpg,0.0
img_66068.jpg,0.0
img_83020.jpg,0.0
img_57690.jpg,0.0
img_76128.jpg,0.0
img_82593.jpg,0.0
img_72538.jpg,0.0
img_76466.jpg,0.0
img_58178.jpg,0.0
img_70266.jpg,0.0
img_74371.jpg,0.0
img_75001.jpg,0.0
img_80081.jpg,0.0
img_82230.jpg,0.0
img_79215.jpg,0.0
img_72477.jpg,0.0
img_74647.jpg,0.0
img_81637.jpg,0.0
img_82806.jpg,0.0
img_72226.jpg,0.0
img_72499.jpg,0.0
img_12401.jpg,0.0
img_19538.jpg,0.0
img_19266.jpg,0.0
img_13206.jpg,0.0
img_22106.jpg,0.0
img_1514.jpg,0.0
img_21137.jpg,0.0
img_9522.jpg,0.0
img_20422.jpg,0.0
img_11549.jpg,0.0
img_24500.jpg,0.0
img_21209.jpg,0.0
img_22594.jpg,0.0
img_7130.jpg,0.0
img_20236.jpg,0.0
img_13146.jpg,0.0
img_20245.jpg,0.0
img_14644.jpg,0.0
img_18053.jpg,0.0
img_54333.jpg,1.0
img_28120.jpg,1.0
img_16380.jpg,1.0
img_96670.jpg,1.0
img_48426.jpg,1.0
img_93047.jpg,1.0
img_93387.jpg,1.0
img_83316.jpg,1.0
img_90333.jpg,1.0
img_78843.jpg,1.0
img_18149.jpg,1.0
img_32830.jpg,1.0
img_56303.jpg,1.0
img_29232.jpg,1.0
img_68173.jpg,1.0
img_52396.jpg,1.0
img_97519.jpg,1.0
img_15330.jpg,1.0
img_53535.jpg,1.0
img_7547.jpg,1.0
img_18339.jpg,1.0
img_90146.jpg,1.0
img_81588.jpg,1.0
img_64975.jpg,1.0
img_26975.jpg,1.0
img_86323.jpg,1.0
img_97758.jpg,1.0
img_96818.jpg,1.0
img_48028.jpg,1.0
img_18837.jpg,1.0
img_81350.jpg,1.0
img_87609.jpg,1.0
img_84206.jpg,1.0
img_15759.jpg,1.0
img_86237.jpg,1.0
img_68261.jpg,1.0
img_96159.jpg,1.0
img_96393.jpg,1.0
img_12238.jpg,1.0
img_7819.jpg,1.0
img_52419.jpg,1.0
img_8160.jpg,1.0
img_68913.jpg,1.0
img_86347.jpg,1.0
img_66694.jpg,1.0
img_33193.jpg,1.0
img_36893.jpg,1.0
img_68066.jpg,1.0
img_81194.jpg,1.0
img_90347.jpg,1.0
img_49069.jpg,1.0
img_82355.jpg,1.0
img_11273.jpg,1.0
img_40086.jpg,1.0
img_68652.jpg,1.0
img_30854.jpg,1.0
img_87946.jpg,1.0
img_17152.jpg,1.0
img_61458.jpg,1.0
img_45238.jpg,1.0
img_44280.jpg,1.0
img_98494.jpg,1.0
img_51933.jpg,1.0
img_81441.jpg,1.0
img_99478.jpg,1.0
img_59708.jpg,1.0
img_92725.jpg,1.0
img_36138.jpg,1.0
img_21174.jpg,1.0
img_18953.jpg,1.0
img_48794.jpg,1.0
img_38720.jpg,1.0
img_24289.jpg,1.0
img_5028.jpg,1.0
img_88849.jpg,1.0
img_64622.jpg,1.0
img_47472.jpg,1.0
img_89692.jpg,1.0
img_80310.jpg,1.0
img_46624.jpg,1.0
img_60355.jpg,1.0
img_80939.jpg,1.0
img_32326.jpg,1.0
img_59145.jpg,1.0
img_39146.jpg,1.0
img_101609.jpg,1.0
img_4704.jpg,1.0
img_20746.jpg,1.0
img_30243.jpg,1.0
img_46421.jpg,1.0
img_62484.jpg,1.0
img_37410.jpg,1.0
img_76252.jpg,1.0
img_73555.jpg,1.0
img_52394.jpg,1.0
img_61139.jpg,1.0
img_16254.jpg,1.0
img_59232.jpg,1.0
img_94962.jpg,1.0
img_95774.jpg,1.0
img_23578.jpg,1.0
img_61299.jpg,1.0
img_49480.jpg,1.0
img_9457.jpg,1.0
img_2302.jpg,0.0
img_1242.jpg,0.0
img_16772.jpg,0.0
img_13826.jpg,0.0
img_2212.jpg,0.0
img_15927.jpg,0.0
img_12733.jpg,0.0
img_12855.jpg,0.0
img_15025.jpg,0.0
img_1045.jpg,0.0
img_6011.jpg,0.0
img_1579.jpg,0.0
img_6947.jpg,0.0
img_942.jpg,0.0
img_12030.jpg,0.0
img_3592.jpg,0.0
img_6459.jpg,0.0
img_37871.jpg,0.0
img_71476.jpg,0.0
img_59251.jpg,0.0
img_60728.jpg,0.0
img_55690.jpg,0.0
img_44804.jpg,0.0
img_44567.jpg,0.0
img_73876.jpg,0.0
img_39805.jpg,0.0
img_46399.jpg,0.0
img_63742.jpg,0.0
img_53833.jpg,0.0
img_66860.jpg,0.0
img_54315.jpg,0.0
img_49266.jpg,0.0
img_76261.jpg,0.0
img_56250.jpg,0.0
img_69355.jpg,0.0
img_70906.jpg,0.0
img_75345.jpg,0.0
img_65669.jpg,0.0
img_56565.jpg,0.0
img_51879.jpg,0.0
img_72822.jpg,0.0
img_36812.jpg,0.0
img_60192.jpg,0.0
img_37894.jpg,0.0
img_59884.jpg,0.0
img_69264.jpg,0.0
img_65446.jpg,0.0
img_37552.jpg,0.0
img_33177.jpg,0.0
img_54371.jpg,0.0
img_34293.jpg,0.0
img_76017.jpg,0.0
img_37867.jpg,0.0
img_35149.jpg,0.0
img_74617.jpg,0.0
img_49746.jpg,0.0
img_73202.jpg,0.0
img_56267.jpg,0.0
img_12298.jpg,0.0
img_4690.jpg,0.0
img_15265.jpg,0.0
img_5479.jpg,0.0
img_296.jpg,0.0
img_14592.jpg,0.0
img_10177.jpg,0.0
img_4873.jpg,0.0
img_15575.jpg,0.0
img_3669.jpg,0.0
img_468.jpg,0.0
img_78163.jpg,0.0
img_81806.jpg,0.0
img_60930.jpg,0.0
img_74971.jpg,0.0
img_74527.jpg,0.0
img_61411.jpg,0.0
img_81629.jpg,0.0
img_70781.jpg,0.0
img_56796.jpg,0.0
img_73489.jpg,0.0
img_62722.jpg,0.0
img_80561.jpg,0.0
img_83158.jpg,0.0
img_59045.jpg,0.0
img_58179.jpg,0.0
img_76685.jpg,0.0
img_62566.jpg,0.0
img_57083.jpg,0.0
img_78196.jpg,0.0
img_64949.jpg,0.0
img_67959.jpg,0.0
img_64630.jpg,0.0
img_21315.jpg,0.0
img_23715.jpg,0.0
img_18602.jpg,0.0
img_18226.jpg,0.0
img_18510.jpg,0.0
img_6061.jpg,0.0
img_2594.jpg,0.0
img_20171.jpg,0.0
img_13515.jpg,0.0
img_24275.jpg,0.0
img_7183.jpg,0.0
img_19916.jpg,0.0
img_11809.jpg,0.0
img_46060.jpg,1.0
img_47285.jpg,1.0
img_40374.jpg,1.0
img_8571.jpg,1.0
img_18391.jpg,1.0
img_93757.jpg,1.0
img_57520.jpg,1.0
img_22029.jpg,1.0
img_61568.jpg,1.0
img_42587.jpg,1.0
img_18409.jpg,1.0
img_72543.jpg,1.0
img_87801.jpg,1.0
img_46053.jpg,1.0
img_68539.jpg,1.0
img_5342.jpg,1.0
img_24706.jpg,1.0
img_54170.jpg,1.0
img_52476.jpg,1.0
img_41911.jpg,1.0
img_33315.jpg,1.0
img_18138.jpg,1.0
img_95572.jpg,1.0
img_38469.jpg,1.0
img_63314.jpg,1.0
img_5324.jpg,1.0
img_91730.jpg,1.0
img_20192.jpg,1.0
img_59322.jpg,1.0
img_93759.jpg,1.0
img_57789.jpg,1.0
img_14903.jpg,1.0
img_22820.jpg,1.0
img_36959.jpg,1.0
img_60063.jpg,1.0
img_81940.jpg,1.0
img_68227.jpg,1.0
img_59764.jpg,1.0
img_41847.jpg,1.0
img_65497.jpg,1.0
img_1421.jpg,1.0
img_86052.jpg,1.0
img_95355.jpg,1.0
img_53692.jpg,1.0
img_87355.jpg,1.0
img_21731.jpg,1.0
img_73423.jpg,1.0
img_82314.jpg,1.0
img_17736.jpg,1.0
img_61869.jpg,1.0
img_16355.jpg,1.0
img_16474.jpg,1.0
img_63812.jpg,1.0
img_2093.jpg,1.0
img_14223.jpg,1.0
img_16345.jpg,1.0
img_36300.jpg,1.0
img_101859.jpg,1.0
img_87270.jpg,1.0
img_98505.jpg,1.0
img_69697.jpg,1.0
img_36330.jpg,1.0
img_14399.jpg,1.0
img_75755.jpg,1.0
img_75564.jpg,1.0
img_73127.jpg,1.0
img_36206.jpg,1.0
img_54960.jpg,1.0
img_87669.jpg,1.0
img_74751.jpg,1.0
img_99640.jpg,1.0
img_82329.jpg,1.0
img_51729.jpg,1.0
img_38514.jpg,1.0
img_90396.jpg,1.0
img_31345.jpg,1.0
img_15760.jpg,1.0
img_48161.jpg,1.0
img_70417.jpg,1.0
img_32619.jpg,1.0
img_81332.jpg,1.0
img_26025.jpg,1.0
img_49872.jpg,1.0
img_53053.jpg,1.0
img_50007.jpg,1.0
img_79872.jpg,1.0
img_89077.jpg,1.0
img_92314.jpg,1.0
img_8717.jpg,1.0
img_81527.jpg,1.0
img_95698.jpg,1.0
img_78723.jpg,1.0
img_71815.jpg,1.0
img_86976.jpg,1.0
img_14027.jpg,1.0
img_75880.jpg,1.0
img_55291.jpg,1.0
img_7272.jpg,1.0
img_83326.jpg,1.0
img_34269.jpg,1.0
img_5196.jpg,0.0
img_4581.jpg,0.0
img_16379.jpg,0.0
img_1302.jpg,0.0
img_8900.jpg,0.0
img_11297.jpg,0.0
img_11187.jpg,0.0
img_14933.jpg,0.0
img_15989.jpg,0.0
img_928.jpg,0.0
img_11827.jpg,0.0
img_75207.jpg,0.0
img_73183.jpg,0.0
img_68490.jpg,0.0
img_68101.jpg,0.0
img_48970.jpg,0.0
img_42701.jpg,0.0
img_59696.jpg,0.0
img_66940.jpg,0.0
img_52669.jpg,0.0
img_55444.jpg,0.0
img_63151.jpg,0.0
img_71349.jpg,0.0
img_61397.jpg,0.0
img_71634.jpg,0.0
img_33242.jpg,0.0
img_61637.jpg,0.0
img_49305.jpg,0.0
img_53187.jpg,0.0
img_70316.jpg,0.0
img_67967.jpg,0.0
img_54870.jpg,0.0
img_68179.jpg,0.0
img_61403.jpg,0.0
img_65386.jpg,0.0
img_70639.jpg,0.0
img_44748.jpg,0.0
img_60892.jpg,0.0
img_34191.jpg,0.0
img_34682.jpg,0.0
img_35004.jpg,0.0
img_65723.jpg,0.0
img_49282.jpg,0.0
img_74241.jpg,0.0
img_55731.jpg,0.0
img_47780.jpg,0.0
img_39666.jpg,0.0
img_65657.jpg,0.0
img_42273.jpg,0.0
img_47311.jpg,0.0
img_51127.jpg,0.0
img_67342.jpg,0.0
img_7552.jpg,0.0
img_1257.jpg,0.0
img_12070.jpg,0.0
img_3950.jpg,0.0
img_17310.jpg,0.0
img_4183.jpg,0.0
img_15858.jpg,0.0
img_12825.jpg,0.0
img_16810.jpg,0.0
img_17005.jpg,0.0
img_58593.jpg,0.0
img_66620.jpg,0.0
img_63113.jpg,0.0
img_81256.jpg,0.0
img_81628.jpg,0.0
img_73413.jpg,0.0
img_75992.jpg,0.0
img_63738.jpg,0.0
img_62033.jpg,0.0
img_75999.jpg,0.0
img_70761.jpg,0.0
img_65988.jpg,0.0
img_79497.jpg,0.0
img_71416.jpg,0.0
img_116.jpg,0.0
img_19947.jpg,0.0
img_16777.jpg,0.0
img_14198.jpg,0.0
img_2434.jpg,0.0
img_904.jpg,0.0
img_24270.jpg,0.0
img_3635.jpg,0.0
img_3109.jpg,0.0
img_12744.jpg,0.0
img_9897.jpg,0.0
img_3661.jpg,0.0
img_11004.jpg,0.0
img_17746.jpg,0.0
img_13174.jpg,0.0
img_3000.jpg,0.0
img_22599.jpg,0.0
img_21830.jpg,0.0
img_17051.jpg,0.0
img_23919.jpg,0.0
img_4504.jpg,0.0
img_66660.jpg,1.0
img_89362.jpg,1.0
img_13584.jpg,1.0
img_4400.jpg,1.0
img_48340.jpg,1.0
img_37109.jpg,1.0
img_48482.jpg,1.0
img_3509.jpg,1.0
img_59446.jpg,1.0
img_42283.jpg,1.0
img_93090.jpg,1.0
img_55476.jpg,1.0
img_36549.jpg,1.0
img_78110.jpg,1.0
img_51076.jpg,1.0
img_51232.jpg,1.0
img_11067.jpg,1.0
img_19302.jpg,1.0
img_55729.jpg,1.0
img_76704.jpg,1.0
img_7044.jpg,1.0
img_101223.jpg,1.0
img_74744.jpg,1.0
img_91123.jpg,1.0
img_70438.jpg,1.0
img_16033.jpg,1.0
img_4824.jpg,1.0
img_30360.jpg,1.0
img_46325.jpg,1.0
img_79839.jpg,1.0
img_23004.jpg,1.0
img_7553.jpg,1.0
img_4013.jpg,1.0
img_66673.jpg,1.0
img_30218.jpg,1.0
img_67320.jpg,1.0
img_46925.jpg,1.0
img_53168.jpg,1.0
img_18267.jpg,1.0
img_5325.jpg,1.0
img_38312.jpg,1.0
img_94155.jpg,1.0
img_16813.jpg,1.0
img_16363.jpg,1.0
img_40141.jpg,1.0
img_47947.jpg,1.0
img_14779.jpg,1.0
img_4219.jpg,1.0
img_32813.jpg,1.0
img_94809.jpg,1.0
img_83656.jpg,1.0
img_60797.jpg,1.0
img_86894.jpg,1.0
img_4461.jpg,1.0
img_68450.jpg,1.0
img_1197.jpg,1.0
img_2151.jpg,1.0
img_89173.jpg,1.0
img_20144.jpg,1.0
img_14757.jpg,1.0
img_41663.jpg,1.0
img_3975.jpg,1.0
img_90765.jpg,1.0
img_38433.jpg,1.0
img_19780.jpg,1.0
img_42698.jpg,1.0
img_4053.jpg,1.0
img_89942.jpg,1.0
img_84960.jpg,1.0
img_55813.jpg,1.0
img_74437.jpg,1.0
img_7373.jpg,1.0
img_57153.jpg,1.0
img_17396.jpg,1.0
img_15596.jpg,1.0
img_97072.jpg,1.0
img_79759.jpg,1.0
img_22011.jpg,1.0
img_20759.jpg,1.0
img_9912.jpg,0.0
img_8943.jpg,0.0
img_5668.jpg,0.0
img_9743.jpg,0.0
img_12519.jpg,0.0
img_1950.jpg,0.0
img_3949.jpg,0.0
img_4177.jpg,0.0
img_17653.jpg,0.0
img_14655.jpg,0.0
img_7152.jpg,0.0
img_836.jpg,0.0
img_12349.jpg,0.0
img_10783.jpg,0.0
img_56457.jpg,0.0
img_70170.jpg,0.0
img_56041.jpg,0.0
img_43139.jpg,0.0
img_62883.jpg,0.0
img_73004.jpg,0.0
img_50893.jpg,0.0
img_75139.jpg,0.0
img_48527.jpg,0.0
img_64052.jpg,0.0
img_39829.jpg,0.0
img_33898.jpg,0.0
img_58266.jpg,0.0
img_61445.jpg,0.0
img_35703.jpg,0.0
img_60427.jpg,0.0
img_39544.jpg,0.0
img_51410.jpg,0.0
img_53626.jpg,0.0
img_74531.jpg,0.0
img_46332.jpg,0.0
img_55857.jpg,0.0
img_45399.jpg,0.0
img_62911.jpg,0.0
img_36258.jpg,0.0
img_47981.jpg,0.0
img_48927.jpg,0.0
img_322.jpg,0.0
img_5437.jpg,0.0
img_3392.jpg,0.0
img_14597.jpg,0.0
img_533.jpg,0.0
img_2005.jpg,0.0
img_60379.jpg,0.0
img_71568.jpg,0.0
img_78372.jpg,0.0
img_80893.jpg,0.0
img_63482.jpg,0.0
img_70827.jpg,0.0
img_65868.jpg,0.0
img_68594.jpg,0.0
img_77364.jpg,0.0
img_63301.jpg,0.0
img_70635.jpg,0.0
img_77199.jpg,0.0
img_73366.jpg,0.0
img_69484.jpg,0.0
img_72376.jpg,0.0
img_64670.jpg,0.0
img_65637.jpg,0.0
img_80489.jpg,0.0
img_82799.jpg,0.0
img_60305.jpg,0.0
img_72984.jpg,0.0
img_72409.jpg,0.0
img_66786.jpg,0.0
img_3007.jpg,0.0
img_23950.jpg,0.0
img_15864.jpg,0.0
img_21748.jpg,0.0
img_21248.jpg,0.0
img_2914.jpg,0.0
img_23625.jpg,0.0
img_9827.jpg,0.0
img_23441.jpg,0.0
img_21962.jpg,0.0
img_11592.jpg,0.0
img_6484.jpg,0.0
img_10308.jpg,0.0
img_23059.jpg,0.0
img_6409.jpg,0.0
img_25317.jpg,1.0
img_18802.jpg,1.0
img_101159.jpg,1.0
img_19863.jpg,1.0
img_34553.jpg,1.0
img_85138.jpg,1.0
img_66375.jpg,1.0
img_63126.jpg,1.0
img_50896.jpg,1.0
img_56494.jpg,1.0
img_83251.jpg,1.0
img_13938.jpg,1.0
img_33494.jpg,1.0
img_22974.jpg,1.0
img_71078.jpg,1.0
img_83187.jpg,1.0
img_41715.jpg,1.0
img_91271.jpg,1.0
img_37462.jpg,1.0
img_6481.jpg,1.0
img_82321.jpg,1.0
img_45609.jpg,1.0
img_6874.jpg,1.0
img_10167.jpg,1.0
img_41628.jpg,1.0
img_98143.jpg,1.0
img_14410.jpg,1.0
img_93094.jpg,1.0
img_57780.jpg,1.0
img_61366.jpg,1.0
img_2575.jpg,1.0
img_22590.jpg,1.0
img_79142.jpg,1.0
img_47295.jpg,1.0
img_75944.jpg,1.0
img_33537.jpg,1.0
img_55325.jpg,1.0
img_65602.jpg,1.0
img_63077.jpg,1.0
img_97084.jpg,1.0
img_45994.jpg,1.0
img_46234.jpg,1.0
img_21301.jpg,1.0
img_81943.jpg,1.0
img_34146.jpg,1.0
img_40328.jpg,1.0
img_49906.jpg,1.0
img_22712.jpg,1.0
img_56734.jpg,1.0
img_12378.jpg,1.0
img_62698.jpg,1.0
img_84424.jpg,1.0
img_82721.jpg,1.0
img_35845.jpg,1.0
img_33009.jpg,1.0
img_95630.jpg,1.0
img_17218.jpg,0.0
img_2531.jpg,0.0
img_10871.jpg,0.0
img_8305.jpg,0.0
img_6482.jpg,0.0
img_6.jpg,0.0
img_3196.jpg,0.0
img_14118.jpg,0.0
img_15052.jpg,0.0
img_15557.jpg,0.0
img_35658.jpg,0.0
img_71104.jpg,0.0
img_68280.jpg,0.0
img_53252.jpg,0.0
img_71811.jpg,0.0
img_63649.jpg,0.0
img_37557.jpg,0.0
img_73420.jpg,0.0
img_49364.jpg,0.0
img_66396.jpg,0.0
img_42731.jpg,0.0
img_53384.jpg,0.0
img_61631.jpg,0.0
img_65505.jpg,0.0
img_58452.jpg,0.0
img_53014.jpg,0.0
img_34038.jpg,0.0
img_51750.jpg,0.0
img_62022.jpg,0.0
img_41781.jpg,0.0
img_44242.jpg,0.0
img_60235.jpg,0.0
img_75559.jpg,0.0
img_39776.jpg,0.0
img_41704.jpg,0.0
img_46650.jpg,0.0
img_70729.jpg,0.0
img_46409.jpg,0.0
img_66549.jpg,0.0
img_35202.jpg,0.0
img_37525.jpg,0.0
img_14169.jpg,0.0
img_16935.jpg,0.0
img_4578.jpg,0.0
img_14320.jpg,0.0
img_15263.jpg,0.0
img_12848.jpg,0.0
img_3825.jpg,0.0
img_57908.jpg,0.0
img_64192.jpg,0.0
img_73878.jpg,0.0
img_68873.jpg,0.0
img_70471.jpg,0.0
img_60935.jpg,0.0
img_74732.jpg,0.0
img_60376.jpg,0.0
img_72907.jpg,0.0
img_69790.jpg,0.0
img_64320.jpg,0.0
img_58895.jpg,0.0
img_56830.jpg,0.0
img_11416.jpg,0.0
img_20544.jpg,0.0
img_11237.jpg,0.0
img_18697.jpg,0.0
img_5627.jpg,0.0
img_8771.jpg,0.0
img_3906.jpg,0.0
img_9082.jpg,0.0
img_21452.jpg,0.0
img_23309.jpg,0.0
img_12283.jpg,0.0
img_1974.jpg,0.0
img_4505.jpg,0.0
img_15934.jpg,1.0
img_18806.jpg,1.0
img_96427.jpg,1.0
img_98920.jpg,1.0
img_28882.jpg,1.0
img_68161.jpg,1.0
img_57952.jpg,1.0
img_65621.jpg,1.0
img_93381.jpg,1.0
img_26599.jpg,1.0
img_1363.jpg,1.0
img_54822.jpg,1.0
img_54135.jpg,1.0
img_51874.jpg,1.0
img_4441.jpg,1.0
img_13328.jpg,1.0
img_91925.jpg,1.0
img_41494.jpg,1.0
img_67609.jpg,1.0
img_21470.jpg,1.0
img_48729.jpg,1.0
img_58022.jpg,1.0
img_59907.jpg,1.0
img_55890.jpg,1.0
img_47804.jpg,1.0
img_97738.jpg,1.0
img_74157.jpg,1.0
img_29135.jpg,1.0
img_75225.jpg,1.0
img_70605.jpg,1.0
img_80526.jpg,1.0
img_25883.jpg,1.0
img_10175.jpg,1.0
img_62662.jpg,1.0
img_71170.jpg,1.0
img_44442.jpg,1.0
img_3100.jpg,1.0
img_38732.jpg,1.0
img_96945.jpg,1.0
img_51559.jpg,1.0
img_91302.jpg,1.0
img_73544.jpg,1.0
img_89037.jpg,1.0
img_18416.jpg,1.0
img_47486.jpg,1.0
img_18815.jpg,1.0
img_1230.jpg,1.0
img_18619.jpg,1.0
img_101392.jpg,1.0
img_23743.jpg,1.0
img_88191.jpg,1.0
img_94394.jpg,1.0
img_41025.jpg,1.0
img_97525.jpg,1.0
img_16197.jpg,0.0
img_8977.jpg,0.0
img_5135.jpg,0.0
img_17109.jpg,0.0
img_1756.jpg,0.0
img_18108.jpg,0.0
img_6768.jpg,0.0
img_8845.jpg,0.0
img_71234.jpg,0.0
img_47995.jpg,0.0
img_46631.jpg,0.0
img_38038.jpg,0.0
img_55519.jpg,0.0
img_33197.jpg,0.0
img_36108.jpg,0.0
img_63442.jpg,0.0
img_61661.jpg,0.0
img_72133.jpg,0.0
img_56382.jpg,0.0
img_70779.jpg,0.0
img_64407.jpg,0.0
img_51015.jpg,0.0
img_62041.jpg,0.0
img_40077.jpg,0.0
img_48333.jpg,0.0
img_17147.jpg,0.0
img_12214.jpg,0.0
img_12520.jpg,0.0
img_8276.jpg,0.0
img_70434.jpg,0.0
img_73464.jpg,0.0
img_72866.jpg,0.0
img_76355.jpg,0.0
img_64918.jpg,0.0
img_59137.jpg,0.0
img_71511.jpg,0.0
img_80275.jpg,0.0
img_76042.jpg,0.0
img_71553.jpg,0.0
img_62685.jpg,0.0
img_1086.jpg,0.0
img_10233.jpg,0.0
img_1918.jpg,0.0
img_10696.jpg,0.0
img_15456.jpg,0.0
img_21093.jpg,0.0
img_16477.jpg,0.0
img_13562.jpg,0.0
img_10479.jpg,0.0
img_1687.jpg,0.0
img_5264.jpg,0.0
img_2879.jpg,0.0
img_10570.jpg,1.0
img_63414.jpg,1.0
img_17524.jpg,1.0
img_86714.jpg,1.0
img_19303.jpg,1.0
img_57365.jpg,1.0
img_69558.jpg,1.0
img_13033.jpg,1.0
img_68999.jpg,1.0
img_35369.jpg,1.0
img_100145.jpg,1.0
img_34518.jpg,1.0
img_31251.jpg,1.0
img_99635.jpg,1.0
img_73479.jpg,1.0
img_14705.jpg,1.0
img_96406.jpg,1.0
img_97987.jpg,1.0
img_8122.jpg,1.0
img_40349.jpg,1.0
img_59032.jpg,1.0
img_81503.jpg,1.0
img_79384.jpg,1.0
img_41282.jpg,1.0
img_94525.jpg,1.0
img_101673.jpg,1.0
img_69183.jpg,1.0
img_5929.jpg,1.0
img_18799.jpg,1.0
img_83438.jpg,1.0
img_24204.jpg,1.0
img_74374.jpg,1.0
img_70230.jpg,1.0
img_50384.jpg,1.0
img_1929.jpg,1.0
img_13935.jpg,1.0
img_93907.jpg,1.0
img_96975.jpg,1.0
img_44655.jpg,1.0
img_58568.jpg,1.0
img_18940.jpg,1.0
img_56666.jpg,1.0
img_70144.jpg,1.0
img_13365.jpg,0.0
img_16333.jpg,0.0
img_12617.jpg,0.0
img_7422.jpg,0.0
img_1224.jpg,0.0
img_14835.jpg,0.0
img_689.jpg,0.0
img_7149.jpg,0.0
img_7233.jpg,0.0
img_1077.jpg,0.0
img_69455.jpg,0.0
img_52893.jpg,0.0
img_70256.jpg,0.0
img_58440.jpg,0.0
img_68486.jpg,0.0
img_67835.jpg,0.0
img_73564.jpg,0.0
img_48891.jpg,0.0
img_38761.jpg,0.0
img_59874.jpg,0.0
img_44139.jpg,0.0
img_54408.jpg,0.0
img_71557.jpg,0.0
img_62167.jpg,0.0
img_34791.jpg,0.0
img_64773.jpg,0.0
img_33593.jpg,0.0
img_4482.jpg,0.0
img_8919.jpg,0.0
img_3357.jpg,0.0
img_7097.jpg,0.0
img_16095.jpg,0.0
img_1323.jpg,0.0
img_12035.jpg,0.0
img_5295.jpg,0.0
img_14501.jpg,0.0
img_76508.jpg,0.0
img_74359.jpg,0.0
img_71272.jpg,0.0
img_58643.jpg,0.0
img_57664.jpg,0.0
img_57404.jpg,0.0
img_68488.jpg,0.0
img_81838.jpg,0.0
img_60938.jpg,0.0
img_57658.jpg,0.0
img_4695.jpg,0.0
img_8555.jpg,0.0
img_102.jpg,0.0
img_14695.jpg,0.0
img_20804.jpg,0.0
img_11784.jpg,0.0
img_13095.jpg,0.0
img_10944.jpg,0.0
img_22190.jpg,0.0
img_2236.jpg,1.0
img_1942.jpg,1.0
img_99281.jpg,1.0
img_74590.jpg,1.0
img_54393.jpg,1.0
img_59237.jpg,1.0
img_89574.jpg,1.0
img_73626.jpg,1.0
img_93261.jpg,1.0
img_31094.jpg,1.0
img_81530.jpg,1.0
img_46034.jpg,1.0
img_83586.jpg,1.0
img_95667.jpg,1.0
img_9724.jpg,1.0
img_12772.jpg,1.0
img_80241.jpg,1.0
img_102025.jpg,1.0
img_97031.jpg,1.0
img_38843.jpg,1.0
img_14492.jpg,1.0
img_100605.jpg,1.0
img_71091.jpg,1.0
img_93914.jpg,1.0
img_1487.jpg,1.0
img_65981.jpg,1.0
img_99251.jpg,1.0
img_84384.jpg,1.0
img_5716.jpg,1.0
img_68933.jpg,1.0
img_85555.jpg,1.0
img_94863.jpg,1.0
img_43848.jpg,1.0
img_41348.jpg,1.0
img_64106.jpg,1.0
img_5349.jpg,1.0
img_14313.jpg,1.0
img_29863.jpg,1.0
img_41813.jpg,1.0
img_28569.jpg,1.0
img_18738.jpg,1.0
img_1236.jpg,1.0
img_76559.jpg,1.0
img_41128.jpg,1.0
img_74002.jpg,1.0
img_42643.jpg,1.0
img_32321.jpg,1.0
img_15073.jpg,1.0
img_72599.jpg,1.0
img_71387.jpg,1.0
img_76028.jpg,1.0
img_97165.jpg,1.0
img_58629.jpg,1.0
img_54792.jpg,1.0
img_58881.jpg,1.0
img_58502.jpg,1.0
img_5846.jpg,1.0
img_16486.jpg,1.0
img_8302.jpg,0.0
img_5680.jpg,0.0
img_462.jpg,0.0
img_16574.jpg,0.0
img_5598.jpg,0.0
img_1834.jpg,0.0
img_16204.jpg,0.0
img_10229.jpg,0.0
img_12140.jpg,0.0
img_16792.jpg,0.0
img_12216.jpg,0.0
img_16666.jpg,0.0
img_6656.jpg,0.0
img_72887.jpg,0.0
img_51873.jpg,0.0
img_74494.jpg,0.0
img_66779.jpg,0.0
img_42932.jpg,0.0
img_54046.jpg,0.0
img_59707.jpg,0.0
img_38818.jpg,0.0
img_73003.jpg,0.0
img_38445.jpg,0.0
img_44976.jpg,0.0
img_63158.jpg,0.0
img_34169.jpg,0.0
img_44615.jpg,0.0
img_42989.jpg,0.0
img_71014.jpg,0.0
img_53195.jpg,0.0
img_69210.jpg,0.0
img_48247.jpg,0.0
img_49672.jpg,0.0
img_36245.jpg,0.0
img_50667.jpg,0.0
img_61091.jpg,0.0
img_16658.jpg,0.0
img_14888.jpg,0.0
img_1921.jpg,0.0
img_16065.jpg,0.0
img_9546.jpg,0.0
img_12674.jpg,0.0
img_14715.jpg,0.0
img_5328.jpg,0.0
img_10068.jpg,0.0
img_74566.jpg,0.0
img_72608.jpg,0.0
img_79272.jpg,0.0
img_77971.jpg,0.0
img_66281.jpg,0.0
img_71495.jpg,0.0
img_73233.jpg,0.0
img_81528.jpg,0.0
img_77761.jpg,0.0
img_74225.jpg,0.0
img_76793.jpg,0.0
img_62945.jpg,0.0
img_79019.jpg,0.0
img_81551.jpg,0.0
img_14920.jpg,0.0
img_3969.jpg,0.0
img_11423.jpg,0.0
img_18244.jpg,0.0
img_24499.jpg,0.0
img_17964.jpg,0.0
img_8971.jpg,0.0
img_7462.jpg,0.0
img_18653.jpg,0.0
img_5706.jpg,0.0
img_50636.jpg,1.0
img_78893.jpg,1.0
img_96307.jpg,1.0
img_57869.jpg,1.0
img_63152.jpg,1.0
img_100665.jpg,1.0
img_45290.jpg,1.0
img_66407.jpg,1.0
img_52098.jpg,1.0
img_67071.jpg,1.0
img_94642.jpg,1.0
img_71308.jpg,1.0
img_30330.jpg,1.0
img_84099.jpg,1.0
img_94299.jpg,1.0
img_67874.jpg,1.0
img_10710.jpg,1.0
img_14365.jpg,1.0
img_60963.jpg,1.0
img_93930.jpg,1.0
img_58324.jpg,1.0
img_80539.jpg,1.0
img_52676.jpg,1.0
img_800.jpg,1.0
img_66454.jpg,1.0
img_65439.jpg,1.0
img_43346.jpg,1.0
img_8415.jpg,1.0
img_2420.jpg,1.0
img_13263.jpg,1.0
img_101113.jpg,1.0
img_10651.jpg,1.0
img_3093.jpg,1.0
img_30069.jpg,1.0
img_9696.jpg,1.0
img_33353.jpg,1.0
img_47582.jpg,1.0
img_34995.jpg,1.0
img_60498.jpg,1.0
img_58686.jpg,1.0
img_37092.jpg,1.0
img_32280.jpg,1.0
img_46771.jpg,1.0
img_81192.jpg,1.0
img_96123.jpg,1.0
img_96443.jpg,1.0
img_51569.jpg,1.0
img_83654.jpg,1.0
img_59936.jpg,1.0
img_35841.jpg,1.0
img_16494.jpg,1.0
img_3358.jpg,0.0
img_13732.jpg,0.0
img_14796.jpg,0.0
img_8331.jpg,0.0
img_17855.jpg,0.0
img_12842.jpg,0.0
img_4839.jpg,0.0
img_3428.jpg,0.0
img_17139.jpg,0.0
img_11198.jpg,0.0
img_7895.jpg,0.0
img_13531.jpg,0.0
img_9335.jpg,0.0
img_4789.jpg,0.0
img_60788.jpg,0.0
img_56198.jpg,0.0
img_66457.jpg,0.0
img_51949.jpg,0.0
img_40534.jpg,0.0
img_64443.jpg,0.0
img_66051.jpg,0.0
img_69150.jpg,0.0
img_45180.jpg,0.0
img_69543.jpg,0.0
img_41739.jpg,0.0
img_47342.jpg,0.0
img_71533.jpg,0.0
img_43852.jpg,0.0
img_76144.jpg,0.0
img_37561.jpg,0.0
img_36733.jpg,0.0
img_67521.jpg,0.0
img_58128.jpg,0.0
img_52180.jpg,0.0
img_64014.jpg,0.0
img_67592.jpg,0.0
img_40063.jpg,0.0
img_59765.jpg,0.0
img_74799.jpg,0.0
img_59380.jpg,0.0
img_39792.jpg,0.0
img_68403.jpg,0.0
img_34158.jpg,0.0
img_36964.jpg,0.0
img_41687.jpg,0.0
img_4778.jpg,0.0
img_10748.jpg,0.0
img_2284.jpg,0.0
img_11712.jpg,0.0
img_15114.jpg,0.0
img_80035.jpg,0.0
img_76142.jpg,0.0
img_64203.jpg,0.0
img_59626.jpg,0.0
img_69474.jpg,0.0
img_61480.jpg,0.0
img_81131.jpg,0.0
img_60066.jpg,0.0
img_74652.jpg,0.0
img_77236.jpg,0.0
img_76015.jpg,0.0
img_71922.jpg,0.0
img_57388.jpg,0.0
img_19802.jpg,0.0
img_19197.jpg,0.0
img_2786.jpg,0.0
img_19793.jpg,0.0
img_24067.jpg,0.0
img_792.jpg,0.0
img_9657.jpg,0.0
img_9782.jpg,0.0
img_13668.jpg,0.0
img_79134.jpg,1.0
img_65344.jpg,1.0
img_78560.jpg,1.0
img_27134.jpg,1.0
img_13922.jpg,1.0
img_53526.jpg,1.0
img_56374.jpg,1.0
img_70032.jpg,1.0
img_24139.jpg,1.0
img_63023.jpg,1.0
img_4891.jpg,1.0
img_54531.jpg,1.0
img_63904.jpg,1.0
img_68181.jpg,1.0
img_94635.jpg,1.0
img_42832.jpg,1.0
img_50477.jpg,1.0
img_50295.jpg,1.0
img_78948.jpg,1.0
img_344.jpg,1.0
img_24403.jpg,1.0
img_31997.jpg,1.0
img_3739.jpg,1.0
img_90173.jpg,1.0
img_99527.jpg,1.0
img_56942.jpg,1.0
img_46105.jpg,1.0
img_91352.jpg,1.0
img_12868.jpg,1.0
img_50702.jpg,1.0
img_21782.jpg,1.0
img_81095.jpg,1.0
img_88932.jpg,1.0
img_86606.jpg,1.0
img_9368.jpg,1.0
img_19691.jpg,1.0
img_60835.jpg,1.0
img_83911.jpg,1.0
img_32257.jpg,1.0
img_47131.jpg,1.0
img_33484.jpg,1.0
img_17066.jpg,1.0
img_65371.jpg,1.0
img_11474.jpg,1.0
img_8843.jpg,1.0
img_47700.jpg,1.0
img_52282.jpg,1.0
img_32825.jpg,1.0
img_62631.jpg,1.0
img_28666.jpg,1.0
img_57216.jpg,1.0
img_44686.jpg,1.0
img_47956.jpg,1.0
img_33727.jpg,1.0
img_18225.jpg,1.0
img_64755.jpg,1.0
img_9345.jpg,1.0
img_21733.jpg,1.0
img_14870.jpg,1.0
img_7807.jpg,1.0
img_91381.jpg,1.0
img_11259.jpg,1.0
img_52557.jpg,1.0
img_80457.jpg,1.0
img_29340.jpg,1.0
img_99510.jpg,1.0
img_99012.jpg,1.0
img_67219.jpg,1.0
img_22750.jpg,1.0
img_101613.jpg,1.0
img_15855.jpg,1.0
img_63345.jpg,1.0
img_957.jpg,1.0
img_45980.jpg,1.0
img_10119.jpg,0.0
img_17583.jpg,0.0
img_13503.jpg,0.0
img_9956.jpg,0.0
img_11396.jpg,0.0
img_11749.jpg,0.0
img_872.jpg,0.0
img_9974.jpg,0.0
img_1655.jpg,0.0
img_5280.jpg,0.0
img_34520.jpg,0.0
img_74006.jpg,0.0
img_62345.jpg,0.0
img_51199.jpg,0.0
img_71289.jpg,0.0
img_57457.jpg,0.0
img_62352.jpg,0.0
img_45904.jpg,0.0
img_56880.jpg,0.0
img_43074.jpg,0.0
img_35689.jpg,0.0
img_52270.jpg,0.0
img_58860.jpg,0.0
img_59140.jpg,0.0
img_46875.jpg,0.0
img_55012.jpg,0.0
img_58890.jpg,0.0
img_66919.jpg,0.0
img_56859.jpg,0.0
img_47498.jpg,0.0
img_66515.jpg,0.0
img_72095.jpg,0.0
img_57959.jpg,0.0
img_53707.jpg,0.0
img_47878.jpg,0.0
img_61558.jpg,0.0
img_38209.jpg,0.0
img_54409.jpg,0.0
img_36855.jpg,0.0
img_75691.jpg,0.0
img_37405.jpg,0.0
img_60077.jpg,0.0
img_51613.jpg,0.0
img_75422.jpg,0.0
img_6265.jpg,0.0
img_1027.jpg,0.0
img_5051.jpg,0.0
img_11623.jpg,0.0
img_204.jpg,0.0
img_13167.jpg,0.0
img_15031.jpg,0.0
img_10881.jpg,0.0
img_5780.jpg,0.0
img_11275.jpg,0.0
img_3695.jpg,0.0
img_17026.jpg,0.0
img_11123.jpg,0.0
img_6398.jpg,0.0
img_5034.jpg,0.0
img_8685.jpg,0.0
img_7605.jpg,0.0
img_1783.jpg,0.0
img_14013.jpg,0.0
img_843.jpg,0.0
img_16256.jpg,0.0
img_11441.jpg,0.0
img_12960.jpg,0.0
img_77083.jpg,0.0
img_62056.jpg,0.0
img_74161.jpg,0.0
img_61592.jpg,0.0
img_82296.jpg,0.0
img_80197.jpg,0.0
img_62520.jpg,0.0
img_78402.jpg,0.0
img_78612.jpg,0.0
img_64068.jpg,0.0
img_74898.jpg,0.0
img_81679.jpg,0.0
img_78310.jpg,0.0
img_77276.jpg,0.0
img_57754.jpg,0.0
img_63132.jpg,0.0
img_67203.jpg,0.0
img_68258.jpg,0.0
img_64679.jpg,0.0
img_62351.jpg,0.0
img_58482.jpg,0.0
img_60846.jpg,0.0
img_60913.jpg,0.0
img_5912.jpg,0.0
img_1677.jpg,0.0
img_6810.jpg,0.0
img_23857.jpg,0.0
img_14785.jpg,0.0
img_19932.jpg,0.0
img_20202.jpg,0.0
img_2401.jpg,0.0
img_22125.jpg,0.0
img_19482.jpg,0.0
img_23616.jpg,0.0
img_68359.jpg,1.0
img_35502.jpg,1.0
img_12888.jpg,1.0
img_97329.jpg,1.0
img_8319.jpg,1.0
img_77799.jpg,1.0
img_97789.jpg,1.0
img_69591.jpg,1.0
img_6898.jpg,1.0
img_55301.jpg,1.0
img_82025.jpg,1.0
img_34878.jpg,1.0
img_90450.jpg,1.0
img_18777.jpg,1.0
img_91975.jpg,1.0
img_53863.jpg,1.0
img_96276.jpg,1.0
img_1617.jpg,1.0
img_96270.jpg,1.0
img_78223.jpg,1.0
img_74742.jpg,1.0
img_37094.jpg,1.0
img_72977.jpg,1.0
img_45509.jpg,1.0
img_25975.jpg,1.0
img_71755.jpg,1.0
img_78645.jpg,1.0
img_21313.jpg,1.0
img_71740.jpg,1.0
img_56182.jpg,1.0
img_92468.jpg,1.0
img_88217.jpg,1.0
img_18219.jpg,1.0
img_32313.jpg,1.0
img_36287.jpg,1.0
img_43623.jpg,1.0
img_86466.jpg,1.0
img_91958.jpg,1.0
img_100191.jpg,1.0
img_72128.jpg,1.0
img_96517.jpg,1.0
img_45226.jpg,1.0
img_73654.jpg,1.0
img_66709.jpg,1.0
img_11687.jpg,1.0
img_74414.jpg,1.0
img_5218.jpg,1.0
img_58156.jpg,1.0
img_5401.jpg,1.0
img_27327.jpg,1.0
img_85701.jpg,1.0
img_13820.jpg,1.0
img_100922.jpg,1.0
img_20727.jpg,1.0
img_375.jpg,1.0
img_10321.jpg,1.0
img_74965.jpg,1.0
img_101702.jpg,1.0
img_21059.jpg,1.0
img_44390.jpg,1.0
img_30957.jpg,1.0
img_84894.jpg,1.0
img_77606.jpg,1.0
img_50586.jpg,1.0
img_45618.jpg,1.0
img_14756.jpg,1.0
img_57420.jpg,1.0
img_20632.jpg,1.0
img_67972.jpg,1.0
img_88072.jpg,1.0
img_29163.jpg,1.0
img_35182.jpg,1.0
img_21098.jpg,1.0
img_90283.jpg,1.0
img_26802.jpg,1.0
img_34032.jpg,1.0
img_43846.jpg,1.0
img_50804.jpg,1.0
img_40071.jpg,1.0
img_52402.jpg,1.0
img_95849.jpg,1.0
img_5015.jpg,1.0
img_50920.jpg,1.0
img_71412.jpg,1.0
img_12712.jpg,1.0
img_50052.jpg,1.0
img_9605.jpg,1.0
img_19849.jpg,1.0
img_5198.jpg,1.0
img_69596.jpg,1.0
img_90343.jpg,1.0
img_15128.jpg,0.0
img_8457.jpg,0.0
img_15305.jpg,0.0
img_11030.jpg,0.0
img_5568.jpg,0.0
img_15195.jpg,0.0
img_13392.jpg,0.0
img_41516.jpg,0.0
img_60073.jpg,0.0
img_42555.jpg,0.0
img_43107.jpg,0.0
img_39676.jpg,0.0
img_33190.jpg,0.0
img_42434.jpg,0.0
img_68798.jpg,0.0
img_43629.jpg,0.0
img_75928.jpg,0.0
img_47713.jpg,0.0
img_49105.jpg,0.0
img_67136.jpg,0.0
img_67698.jpg,0.0
img_47023.jpg,0.0
img_72592.jpg,0.0
img_3831.jpg,0.0
img_5137.jpg,0.0
img_9480.jpg,0.0
img_9853.jpg,0.0
img_5236.jpg,0.0
img_16359.jpg,0.0
img_13270.jpg,0.0
img_12832.jpg,0.0
img_8911.jpg,0.0
img_66571.jpg,0.0
img_68918.jpg,0.0
img_60336.jpg,0.0
img_77039.jpg,0.0
img_66156.jpg,0.0
img_63030.jpg,0.0
img_76033.jpg,0.0
img_62104.jpg,0.0
img_79064.jpg,0.0
img_59662.jpg,0.0
img_61831.jpg,0.0
img_61083.jpg,0.0
img_62338.jpg,0.0
img_66056.jpg,0.0
img_76257.jpg,0.0
img_566.jpg,0.0
img_10693.jpg,0.0
img_21365.jpg,0.0
img_15631.jpg,0.0
img_15379.jpg,0.0
img_16724.jpg,0.0
img_16682.jpg,0.0
img_8281.jpg,0.0
img_9787.jpg,0.0
img_5064.jpg,0.0
img_94824.jpg,1.0
img_69859.jpg,1.0
img_208.jpg,1.0
img_24317.jpg,1.0
img_14341.jpg,1.0
img_56570.jpg,1.0
img_17811.jpg,1.0
img_66661.jpg,1.0
img_1336.jpg,1.0
img_37728.jpg,1.0
img_57126.jpg,1.0
img_85898.jpg,1.0
img_10617.jpg,1.0
img_41214.jpg,1.0
img_100074.jpg,1.0
img_95252.jpg,1.0
img_411.jpg,1.0
img_50681.jpg,1.0
img_63802.jpg,1.0
img_24212.jpg,1.0
img_7804.jpg,1.0
img_100824.jpg,1.0
img_65559.jpg,1.0
img_81621.jpg,1.0
img_34095.jpg,1.0
img_46229.jpg,1.0
img_20535.jpg,1.0
img_32930.jpg,1.0
img_73228.jpg,1.0
img_11683.jpg,1.0
img_89653.jpg,1.0
img_35327.jpg,1.0
img_38065.jpg,1.0
img_39071.jpg,1.0
img_28145.jpg,1.0
img_68134.jpg,1.0
img_27568.jpg,1.0
img_31121.jpg,1.0
img_68630.jpg,1.0
img_35036.jpg,1.0
img_43434.jpg,1.0
img_99102.jpg,1.0
img_48547.jpg,1.0
img_12368.jpg,1.0
img_17677.jpg,1.0
img_52244.jpg,1.0
img_6797.jpg,1.0
img_72193.jpg,1.0
img_44061.jpg,1.0
img_30740.jpg,1.0
img_45427.jpg,1.0
img_78855.jpg,1.0
img_90327.jpg,1.0
img_48878.jpg,1.0
img_63929.jpg,1.0
img_77490.jpg,1.0
img_92661.jpg,1.0
img_56310.jpg,1.0
img_42829.jpg,1.0
img_98899.jpg,1.0
img_89655.jpg,1.0
img_61807.jpg,1.0
img_101555.jpg,1.0
img_34135.jpg,1.0
img_41907.jpg,1.0
img_10884.jpg,1.0
img_82675.jpg,1.0
img_54753.jpg,1.0
img_68607.jpg,1.0
img_18202.jpg,1.0
img_32479.jpg,1.0
img_94325.jpg,1.0
img_87674.jpg,1.0
img_15198.jpg,1.0
img_32651.jpg,1.0
img_91575.jpg,1.0
img_25185.jpg,1.0
img_3243.jpg,1.0
img_28110.jpg,1.0
img_3279.jpg,1.0
img_96429.jpg,1.0
img_32023.jpg,1.0
img_84358.jpg,1.0
img_41611.jpg,1.0
img_59558.jpg,1.0
img_34380.jpg,1.0
img_61112.jpg,1.0
img_40527.jpg,1.0
img_18393.jpg,1.0
img_79921.jpg,1.0
img_43532.jpg,1.0
img_11863.jpg,1.0
img_71093.jpg,1.0
img_2785.jpg,1.0
img_6195.jpg,1.0
img_6160.jpg,1.0
img_17656.jpg,1.0
img_53245.jpg,1.0
img_23337.jpg,1.0
img_56672.jpg,1.0
img_414.jpg,1.0
img_52830.jpg,1.0
img_42582.jpg,1.0
img_68487.jpg,1.0
img_27276.jpg,1.0
img_72747.jpg,1.0
img_1355.jpg,1.0
img_49418.jpg,1.0
img_78624.jpg,1.0
img_61905.jpg,1.0
img_231.jpg,1.0
img_26797.jpg,1.0
img_14999.jpg,1.0
img_75762.jpg,1.0
img_71018.jpg,1.0
img_26489.jpg,1.0
img_50120.jpg,1.0
img_100542.jpg,1.0
img_91479.jpg,1.0
img_99652.jpg,1.0
img_46689.jpg,1.0
img_76497.jpg,1.0
img_75899.jpg,1.0
img_31619.jpg,1.0
img_14111.jpg,1.0
img_84905.jpg,1.0
img_83924.jpg,1.0
img_10662.jpg,1.0
img_9007.jpg,1.0
img_63389.jpg,1.0
img_36018.jpg,1.0
img_33765.jpg,1.0
img_79194.jpg,1.0
img_101091.jpg,1.0
img_93613.jpg,1.0
img_40718.jpg,1.0
img_78523.jpg,1.0
img_94529.jpg,1.0
img_33028.jpg,1.0
img_40765.jpg,1.0
img_74456.jpg,1.0
img_68959.jpg,1.0
img_33376.jpg,1.0
img_9836.jpg,0.0
img_8303.jpg,0.0
img_17886.jpg,0.0
img_7884.jpg,0.0
img_7264.jpg,0.0
img_16819.jpg,0.0
img_5090.jpg,0.0
img_33222.jpg,0.0
img_54563.jpg,0.0
img_42748.jpg,0.0
img_76136.jpg,0.0
img_41662.jpg,0.0
img_43410.jpg,0.0
img_56965.jpg,0.0
img_39882.jpg,0.0
img_34522.jpg,0.0
img_43269.jpg,0.0
img_64966.jpg,0.0
img_71165.jpg,0.0
img_50236.jpg,0.0
img_75709.jpg,0.0
img_62817.jpg,0.0
img_43578.jpg,0.0
img_65112.jpg,0.0
img_39991.jpg,0.0
img_43378.jpg,0.0
img_52228.jpg,0.0
img_43534.jpg,0.0
img_36905.jpg,0.0
img_41625.jpg,0.0
img_48619.jpg,0.0
img_244.jpg,0.0
img_4614.jpg,0.0
img_2036.jpg,0.0
img_456.jpg,0.0
img_4303.jpg,0.0
img_4099.jpg,0.0
img_3630.jpg,0.0
img_13626.jpg,0.0
img_1701.jpg,0.0
img_2795.jpg,0.0
img_11142.jpg,0.0
img_7017.jpg,0.0
img_11803.jpg,0.0
img_6073.jpg,0.0
img_9422.jpg,0.0
img_71068.jpg,0.0
img_57436.jpg,0.0
img_58244.jpg,0.0
img_65419.jpg,0.0
img_82271.jpg,0.0
img_68503.jpg,0.0
img_80034.jpg,0.0
img_7145.jpg,0.0
img_7303.jpg,0.0
img_7647.jpg,0.0
img_24211.jpg,0.0
img_11864.jpg,0.0
img_3643.jpg,0.0
img_18011.jpg,0.0
img_9012.jpg,0.0
img_7125.jpg,0.0
img_22612.jpg,0.0
img_2023.jpg,0.0
img_3195.jpg,0.0
img_23452.jpg,0.0
img_12193.jpg,0.0
img_6416.jpg,0.0
img_19896.jpg,0.0
img_13401.jpg,0.0
img_9252.jpg,1.0
img_91438.jpg,1.0
img_49788.jpg,1.0
img_89240.jpg,1.0
img_21665.jpg,1.0
img_17758.jpg,1.0
img_26020.jpg,1.0
img_74493.jpg,1.0
img_2120.jpg,1.0
img_96840.jpg,1.0
img_67255.jpg,1.0
img_54603.jpg,1.0
img_101015.jpg,1.0
img_12247.jpg,1.0
img_101383.jpg,1.0
img_41646.jpg,1.0
img_91409.jpg,1.0
img_19051.jpg,1.0
img_31747.jpg,1.0
img_62538.jpg,1.0
img_89139.jpg,1.0
img_40536.jpg,1.0
img_84583.jpg,1.0
img_55693.jpg,1.0
img_33358.jpg,1.0
img_2092.jpg,1.0
img_42514.jpg,1.0
img_86692.jpg,1.0
img_42598.jpg,1.0
img_44536.jpg,1.0
img_33890.jpg,1.0
img_9900.jpg,1.0
img_12851.jpg,1.0
img_61145.jpg,1.0
img_43148.jpg,1.0
img_48185.jpg,1.0
img_44030.jpg,1.0
img_84019.jpg,1.0
img_74460.jpg,1.0
img_95728.jpg,1.0
img_66392.jpg,1.0
img_1872.jpg,1.0
img_68860.jpg,1.0
img_38686.jpg,1.0
img_60029.jpg,1.0
img_29660.jpg,1.0
img_5414.jpg,1.0
img_16816.jpg,1.0
img_57215.jpg,1.0
img_8841.jpg,1.0
img_4960.jpg,1.0
img_6030.jpg,1.0
img_33714.jpg,1.0
img_12813.jpg,1.0
img_78146.jpg,1.0
img_77498.jpg,1.0
img_17458.jpg,0.0
img_6701.jpg,0.0
img_3099.jpg,0.0
img_10536.jpg,0.0
img_9656.jpg,0.0
img_9442.jpg,0.0
img_15422.jpg,0.0
img_11400.jpg,0.0
img_13453.jpg,0.0
img_11095.jpg,0.0
img_14102.jpg,0.0
img_17345.jpg,0.0
img_10644.jpg,0.0
img_15503.jpg,0.0
img_63626.jpg,0.0
img_68647.jpg,0.0
img_37366.jpg,0.0
img_65409.jpg,0.0
img_49039.jpg,0.0
img_61510.jpg,0.0
img_70902.jpg,0.0
img_34413.jpg,0.0
img_37677.jpg,0.0
img_51398.jpg,0.0
img_69894.jpg,0.0
img_55969.jpg,0.0
img_33742.jpg,0.0
img_70465.jpg,0.0
img_63817.jpg,0.0
img_42951.jpg,0.0
img_59034.jpg,0.0
img_70217.jpg,0.0
img_4435.jpg,0.0
img_4144.jpg,0.0
img_2407.jpg,0.0
img_13329.jpg,0.0
img_4069.jpg,0.0
img_17298.jpg,0.0
img_15032.jpg,0.0
img_13837.jpg,0.0
img_13463.jpg,0.0
img_9878.jpg,0.0
img_9251.jpg,0.0
img_1819.jpg,0.0
img_78730.jpg,0.0
img_58423.jpg,0.0
img_71867.jpg,0.0
img_62157.jpg,0.0
img_75543.jpg,0.0
img_81821.jpg,0.0
img_63655.jpg,0.0
img_62921.jpg,0.0
img_73497.jpg,0.0
img_65489.jpg,0.0
img_71967.jpg,0.0
img_68441.jpg,0.0
img_73752.jpg,0.0
img_76076.jpg,0.0
img_8748.jpg,0.0
img_13259.jpg,0.0
img_5741.jpg,0.0
img_9508.jpg,0.0
img_32662.jpg,1.0
img_88177.jpg,1.0
img_80986.jpg,1.0
img_3902.jpg,1.0
img_38025.jpg,1.0
img_43274.jpg,1.0
img_63097.jpg,1.0
img_59342.jpg,1.0
img_38305.jpg,1.0
img_25578.jpg,1.0
img_47778.jpg,1.0
img_48499.jpg,1.0
img_99194.jpg,1.0
img_64151.jpg,1.0
img_45486.jpg,1.0
img_58598.jpg,1.0
img_3873.jpg,1.0
img_67757.jpg,1.0
img_47044.jpg,1.0
img_15470.jpg,1.0
img_17591.jpg,1.0
img_63882.jpg,1.0
img_89613.jpg,1.0
img_78874.jpg,1.0
img_44227.jpg,1.0
img_39565.jpg,1.0
img_59943.jpg,1.0
img_41417.jpg,1.0
img_5785.jpg,1.0
img_70820.jpg,1.0
img_20638.jpg,1.0
img_56773.jpg,1.0
img_16980.jpg,1.0
img_79806.jpg,1.0
img_80269.jpg,1.0
img_80773.jpg,1.0
img_28167.jpg,1.0
img_25865.jpg,1.0
img_78165.jpg,1.0
img_66605.jpg,1.0
img_36593.jpg,1.0
img_46746.jpg,1.0
img_42637.jpg,1.0
img_9907.jpg,1.0
img_82800.jpg,1.0
img_54851.jpg,1.0
img_80676.jpg,1.0
img_63398.jpg,1.0
img_27041.jpg,1.0
img_70727.jpg,1.0
img_79760.jpg,1.0
img_75497.jpg,1.0
img_21744.jpg,1.0
img_37413.jpg,1.0
img_13852.jpg,1.0
img_37644.jpg,1.0
img_73376.jpg,1.0
img_75704.jpg,1.0
img_63833.jpg,1.0
img_36260.jpg,1.0
img_80365.jpg,1.0
img_35549.jpg,1.0
img_66900.jpg,1.0
img_10425.jpg,0.0
img_4765.jpg,0.0
img_16677.jpg,0.0
img_12297.jpg,0.0
img_7680.jpg,0.0
img_16267.jpg,0.0
img_2618.jpg,0.0
img_13428.jpg,0.0
img_15644.jpg,0.0
img_8043.jpg,0.0
img_16317.jpg,0.0
img_57028.jpg,0.0
img_34538.jpg,0.0
img_56368.jpg,0.0
img_53367.jpg,0.0
img_34321.jpg,0.0
img_58158.jpg,0.0
img_50145.jpg,0.0
img_36811.jpg,0.0
img_39895.jpg,0.0
img_36745.jpg,0.0
img_47288.jpg,0.0
img_40981.jpg,0.0
img_64533.jpg,0.0
img_45931.jpg,0.0
img_75501.jpg,0.0
img_42454.jpg,0.0
img_34625.jpg,0.0
img_67496.jpg,0.0
img_70227.jpg,0.0
img_37194.jpg,0.0
img_51809.jpg,0.0
img_52239.jpg,0.0
img_46700.jpg,0.0
img_38000.jpg,0.0
img_50558.jpg,0.0
img_1900.jpg,0.0
img_15737.jpg,0.0
img_13555.jpg,0.0
img_14421.jpg,0.0
img_5289.jpg,0.0
img_13910.jpg,0.0
img_10254.jpg,0.0
img_4727.jpg,0.0
img_7600.jpg,0.0
img_423.jpg,0.0
img_73459.jpg,0.0
img_82202.jpg,0.0
img_76259.jpg,0.0
img_64336.jpg,0.0
img_63303.jpg,0.0
img_56922.jpg,0.0
img_61376.jpg,0.0
img_80115.jpg,0.0
img_79953.jpg,0.0
img_72465.jpg,0.0
img_73410.jpg,0.0
img_74515.jpg,0.0
img_66287.jpg,0.0
img_67961.jpg,0.0
img_75108.jpg,0.0
img_75896.jpg,0.0
img_75239.jpg,0.0
img_78018.jpg,0.0
img_82318.jpg,0.0
img_57654.jpg,0.0
img_3382.jpg,0.0
img_421.jpg,0.0
img_6939.jpg,0.0
img_14430.jpg,0.0
img_24260.jpg,0.0
img_23676.jpg,0.0
img_23020.jpg,0.0
img_19203.jpg,0.0
img_10733.jpg,0.0
img_21066.jpg,0.0
img_8851.jpg,0.0
img_22134.jpg,0.0
img_5175.jpg,0.0
img_79017.jpg,1.0
img_97584.jpg,1.0
img_43311.jpg,1.0
img_59737.jpg,1.0
img_51347.jpg,1.0
img_94538.jpg,1.0
img_48175.jpg,1.0
img_77617.jpg,1.0
img_82654.jpg,1.0
img_74403.jpg,1.0
img_102087.jpg,1.0
img_13675.jpg,1.0
img_58922.jpg,1.0
img_54366.jpg,1.0
img_97751.jpg,1.0
img_62737.jpg,1.0
img_16990.jpg,1.0
img_32707.jpg,1.0
img_52699.jpg,1.0
img_19970.jpg,1.0
img_44121.jpg,1.0
img_81643.jpg,1.0
img_15117.jpg,1.0
img_41948.jpg,1.0
img_91788.jpg,1.0
img_85949.jpg,1.0
img_32174.jpg,1.0
img_50526.jpg,1.0
img_52776.jpg,1.0
img_48288.jpg,1.0
img_80325.jpg,1.0
img_10704.jpg,1.0
img_98733.jpg,1.0
img_51928.jpg,1.0
img_87301.jpg,1.0
img_54415.jpg,1.0
img_88541.jpg,1.0
img_74442.jpg,1.0
img_73265.jpg,1.0
img_79400.jpg,1.0
img_22830.jpg,1.0
img_86303.jpg,1.0
img_65363.jpg,1.0
img_49228.jpg,1.0
img_51329.jpg,1.0
img_95999.jpg,1.0
img_27870.jpg,1.0
img_81207.jpg,1.0
img_91946.jpg,1.0
img_17965.jpg,1.0
img_20661.jpg,1.0
img_48339.jpg,1.0
img_81260.jpg,1.0
img_78518.jpg,1.0
img_31937.jpg,1.0
img_99715.jpg,1.0
img_91268.jpg,1.0
img_55934.jpg,1.0
img_81396.jpg,1.0
img_94353.jpg,1.0
img_49612.jpg,1.0
img_9270.jpg,1.0
img_44544.jpg,1.0
img_37011.jpg,1.0
img_69059.jpg,1.0
img_65547.jpg,1.0
img_76552.jpg,1.0
img_70220.jpg,1.0
img_13413.jpg,0.0
img_8099.jpg,0.0
img_357.jpg,0.0
img_1326.jpg,0.0
img_11145.jpg,0.0
img_13026.jpg,0.0
img_16823.jpg,0.0
img_7981.jpg,0.0
img_9749.jpg,0.0
img_10164.jpg,0.0
img_2744.jpg,0.0
img_9232.jpg,0.0
img_1844.jpg,0.0
img_11071.jpg,0.0
img_4591.jpg,0.0
img_57458.jpg,0.0
img_49368.jpg,0.0
img_48080.jpg,0.0
img_58615.jpg,0.0
img_36063.jpg,0.0
img_62946.jpg,0.0
img_62433.jpg,0.0
img_68825.jpg,0.0
img_68417.jpg,0.0
img_72063.jpg,0.0
img_49729.jpg,0.0
img_35196.jpg,0.0
img_41349.jpg,0.0
img_43583.jpg,0.0
img_54652.jpg,0.0
img_74530.jpg,0.0
img_68830.jpg,0.0
img_36610.jpg,0.0
img_61800.jpg,0.0
img_14700.jpg,0.0
img_6747.jpg,0.0
img_16532.jpg,0.0
img_6078.jpg,0.0
img_6220.jpg,0.0
img_9271.jpg,0.0
img_11120.jpg,0.0
img_17107.jpg,0.0
img_8635.jpg,0.0
img_11228.jpg,0.0
img_68770.jpg,0.0
img_58464.jpg,0.0
img_71935.jpg,0.0
img_61739.jpg,0.0
img_62439.jpg,0.0
img_60847.jpg,0.0
img_74801.jpg,0.0
img_63958.jpg,0.0
img_82159.jpg,0.0
img_70540.jpg,0.0
img_73619.jpg,0.0
img_78240.jpg,0.0
img_75672.jpg,0.0
img_6787.jpg,0.0
img_1532.jpg,0.0
img_20916.jpg,0.0
img_21867.jpg,0.0
img_22699.jpg,0.0
img_17668.jpg,0.0
img_22375.jpg,0.0
img_23849.jpg,0.0
img_340.jpg,0.0
img_19095.jpg,0.0
img_14986.jpg,0.0
img_12164.jpg,0.0
img_5356.jpg,0.0
img_10974.jpg,0.0
img_8997.jpg,0.0
img_3691.jpg,0.0
img_8764.jpg,0.0
img_18051.jpg,0.0
img_19724.jpg,1.0
img_44090.jpg,1.0
img_78668.jpg,1.0
img_88075.jpg,1.0
img_60944.jpg,1.0
img_101785.jpg,1.0
img_94679.jpg,1.0
img_3253.jpg,1.0
img_47329.jpg,1.0
img_75599.jpg,1.0
img_43022.jpg,1.0
img_86446.jpg,1.0
img_73786.jpg,1.0
img_51545.jpg,1.0
img_42777.jpg,1.0
img_79372.jpg,1.0
img_57569.jpg,1.0
img_75801.jpg,1.0
img_47184.jpg,1.0
img_36619.jpg,1.0
img_35867.jpg,1.0
img_12203.jpg,1.0
img_53171.jpg,1.0
img_41015.jpg,1.0
img_90156.jpg,1.0
img_45932.jpg,1.0
img_31404.jpg,1.0
img_7554.jpg,1.0
img_81279.jpg,1.0
img_36727.jpg,1.0
img_90489.jpg,1.0
img_10909.jpg,1.0
img_81735.jpg,1.0
img_16927.jpg,1.0
img_12951.jpg,1.0
img_12389.jpg,1.0
img_92256.jpg,1.0
img_27453.jpg,1.0
img_61279.jpg,1.0
img_4896.jpg,1.0
img_19311.jpg,1.0
img_34395.jpg,1.0
img_54594.jpg,1.0
img_72826.jpg,1.0
img_66097.jpg,1.0
img_71499.jpg,1.0
img_29350.jpg,1.0
img_27618.jpg,1.0
img_78466.jpg,1.0
img_16232.jpg,1.0
img_70818.jpg,1.0
img_97574.jpg,1.0
img_18680.jpg,1.0
img_94969.jpg,1.0
img_100796.jpg,1.0
img_99785.jpg,1.0
img_45373.jpg,1.0
img_17634.jpg,1.0
img_35364.jpg,1.0
img_2101.jpg,1.0
img_41079.jpg,1.0
img_31032.jpg,1.0
img_4043.jpg,1.0
img_327.jpg,1.0
img_84131.jpg,1.0
img_89776.jpg,1.0
img_42043.jpg,1.0
img_15890.jpg,1.0
img_74746.jpg,1.0
img_5315.jpg,1.0
img_66609.jpg,1.0
img_86168.jpg,1.0
img_5145.jpg,0.0
img_9015.jpg,0.0
img_18230.jpg,0.0
img_4762.jpg,0.0
img_18181.jpg,0.0
img_71654.jpg,0.0
img_41660.jpg,0.0
img_44839.jpg,0.0
img_74369.jpg,0.0
img_33069.jpg,0.0
img_46438.jpg,0.0
img_75811.jpg,0.0
img_57967.jpg,0.0
img_45275.jpg,0.0
img_75287.jpg,0.0
img_42257.jpg,0.0
img_43277.jpg,0.0
img_38151.jpg,0.0
img_58666.jpg,0.0
img_37132.jpg,0.0
img_54872.jpg,0.0
img_70920.jpg,0.0
img_38238.jpg,0.0
img_35223.jpg,0.0
img_63840.jpg,0.0
img_59330.jpg,0.0
img_35656.jpg,0.0
img_70549.jpg,0.0
img_65803.jpg,0.0
img_58090.jpg,0.0
img_38738.jpg,0.0
img_2817.jpg,0.0
img_8557.jpg,0.0
img_6468.jpg,0.0
img_12591.jpg,0.0
img_6133.jpg,0.0
img_1879.jpg,0.0
img_3384.jpg,0.0
img_1495.jpg,0.0
img_2995.jpg,0.0
img_15879.jpg,0.0
img_14384.jpg,0.0
img_15157.jpg,0.0
img_13791.jpg,0.0
img_13542.jpg,0.0
img_4647.jpg,0.0
img_78512.jpg,0.0
img_79585.jpg,0.0
img_79882.jpg,0.0
img_77444.jpg,0.0
img_80127.jpg,0.0
img_66360.jpg,0.0
img_67346.jpg,0.0
img_57501.jpg,0.0
img_79995.jpg,0.0
img_66280.jpg,0.0
img_64686.jpg,0.0
img_71487.jpg,0.0
img_61548.jpg,0.0
img_61098.jpg,0.0
img_69668.jpg,0.0
img_5715.jpg,0.0
img_11777.jpg,0.0
img_20186.jpg,0.0
img_16851.jpg,0.0
img_13568.jpg,0.0
img_22307.jpg,0.0
img_21536.jpg,0.0
img_19388.jpg,0.0
img_23238.jpg,0.0
img_14510.jpg,0.0
img_23675.jpg,0.0
img_6405.jpg,0.0
img_13321.jpg,0.0
img_5106.jpg,0.0
img_16156.jpg,0.0
img_20933.jpg,0.0
img_22403.jpg,1.0
img_11860.jpg,1.0
img_8128.jpg,1.0
img_17115.jpg,1.0
img_42034.jpg,1.0
img_88389.jpg,1.0
img_70040.jpg,1.0
img_6050.jpg,1.0
img_59560.jpg,1.0
img_78046.jpg,1.0
img_262.jpg,1.0
img_58181.jpg,1.0
img_40382.jpg,1.0
img_21155.jpg,1.0
img_82290.jpg,1.0
img_99515.jpg,1.0
img_85057.jpg,1.0
img_48765.jpg,1.0
img_44083.jpg,1.0
img_70108.jpg,1.0
img_98271.jpg,1.0
img_89526.jpg,1.0
img_65674.jpg,1.0
img_86021.jpg,1.0
img_60674.jpg,1.0
img_73049.jpg,1.0
img_73193.jpg,1.0
img_61593.jpg,1.0
img_71418.jpg,1.0
img_66541.jpg,1.0
img_27217.jpg,1.0
img_98454.jpg,1.0
img_62612.jpg,1.0
img_82027.jpg,1.0
img_59125.jpg,1.0
img_78627.jpg,1.0
img_16903.jpg,1.0
img_77136.jpg,1.0
img_43296.jpg,1.0
img_34515.jpg,1.0
img_14634.jpg,1.0
img_65494.jpg,1.0
img_68662.jpg,1.0
img_81103.jpg,1.0
img_84817.jpg,1.0
img_7778.jpg,1.0
img_47451.jpg,1.0
img_11836.jpg,1.0
img_58330.jpg,1.0
img_65899.jpg,1.0
img_61611.jpg,1.0
img_4888.jpg,1.0
img_57373.jpg,1.0
img_67048.jpg,1.0
img_13380.jpg,1.0
img_40663.jpg,1.0
img_20994.jpg,1.0
img_52937.jpg,1.0
img_82591.jpg,1.0
img_8541.jpg,1.0
img_81502.jpg,1.0
img_18923.jpg,1.0
img_65296.jpg,1.0
img_44281.jpg,1.0
img_18243.jpg,1.0
img_69280.jpg,1.0
img_48347.jpg,1.0
img_75458.jpg,1.0
img_73651.jpg,1.0
img_6240.jpg,1.0
img_66350.jpg,1.0
img_83852.jpg,1.0
img_59944.jpg,1.0
img_94359.jpg,1.0
img_14868.jpg,1.0
img_19843.jpg,1.0
img_37486.jpg,1.0
img_16287.jpg,1.0
img_24623.jpg,1.0
img_33065.jpg,1.0
img_44969.jpg,1.0
img_17184.jpg,1.0
img_32299.jpg,1.0
img_25783.jpg,1.0
img_48814.jpg,1.0
img_81205.jpg,1.0
img_83093.jpg,1.0
img_20421.jpg,1.0
img_34288.jpg,1.0
img_36239.jpg,1.0
img_772.jpg,1.0
img_15321.jpg,1.0
img_30245.jpg,1.0
img_96618.jpg,1.0
img_29904.jpg,1.0
img_99156.jpg,1.0
img_28538.jpg,1.0
img_87085.jpg,1.0
img_79838.jpg,1.0
img_22019.jpg,1.0
img_79847.jpg,1.0
img_64455.jpg,1.0
img_93160.jpg,1.0
img_5473.jpg,0.0
img_11671.jpg,0.0
img_2459.jpg,0.0
img_15955.jpg,0.0
img_10011.jpg,0.0
img_10440.jpg,0.0
img_10656.jpg,0.0
img_636.jpg,0.0
img_12012.jpg,0.0
img_8447.jpg,0.0
img_4091.jpg,0.0
img_54836.jpg,0.0
img_35728.jpg,0.0
img_49688.jpg,0.0
img_34769.jpg,0.0
img_52818.jpg,0.0
img_51544.jpg,0.0
img_53012.jpg,0.0
img_55236.jpg,0.0
img_41753.jpg,0.0
img_74502.jpg,0.0
img_57867.jpg,0.0
img_62430.jpg,0.0
img_65572.jpg,0.0
img_64256.jpg,0.0
img_74491.jpg,0.0
img_59452.jpg,0.0
img_46704.jpg,0.0
img_58397.jpg,0.0
img_39578.jpg,0.0
img_68059.jpg,0.0
img_65600.jpg,0.0
img_69572.jpg,0.0
img_53545.jpg,0.0
img_43417.jpg,0.0
img_54770.jpg,0.0
img_66429.jpg,0.0
img_57450.jpg,0.0
img_72282.jpg,0.0
img_68090.jpg,0.0
img_46344.jpg,0.0
img_47112.jpg,0.0
img_68542.jpg,0.0
img_48515.jpg,0.0
img_5.jpg,0.0
img_2034.jpg,0.0
img_11352.jpg,0.0
img_1286.jpg,0.0
img_10062.jpg,0.0
img_12543.jpg,0.0
img_15256.jpg,0.0
img_3636.jpg,0.0
img_10528.jpg,0.0
img_4583.jpg,0.0
img_2566.jpg,0.0
img_207.jpg,0.0
img_16512.jpg,0.0
img_4125.jpg,0.0
img_61944.jpg,0.0
img_66198.jpg,0.0
img_71518.jpg,0.0
img_59392.jpg,0.0
img_73177.jpg,0.0
img_66093.jpg,0.0
img_67956.jpg,0.0
img_79605.jpg,0.0
img_59298.jpg,0.0
img_73835.jpg,0.0
img_76025.jpg,0.0
img_82898.jpg,0.0
img_57494.jpg,0.0
img_69833.jpg,0.0
img_59586.jpg,0.0
img_73304.jpg,0.0
img_11763.jpg,0.0
img_4022.jpg,0.0
img_11768.jpg,0.0
img_729.jpg,0.0
img_2841.jpg,0.0
img_12658.jpg,0.0
img_22427.jpg,0.0
img_19039.jpg,0.0
img_4768.jpg,0.0
img_11140.jpg,0.0
img_17463.jpg,0.0
img_9892.jpg,0.0
img_995.jpg,0.0
img_16176.jpg,0.0
img_16054.jpg,0.0
img_20147.jpg,0.0
img_17592.jpg,0.0
img_14047.jpg,1.0
img_3939.jpg,1.0
img_3655.jpg,1.0
img_65901.jpg,1.0
img_26089.jpg,1.0
img_71951.jpg,1.0
img_47528.jpg,1.0
img_15823.jpg,1.0
img_52460.jpg,1.0
img_85727.jpg,1.0
img_54109.jpg,1.0
img_36370.jpg,1.0
img_24750.jpg,1.0
img_104.jpg,1.0
img_49809.jpg,1.0
img_46484.jpg,1.0
img_33097.jpg,1.0
img_86581.jpg,1.0
img_36173.jpg,1.0
img_31785.jpg,1.0
img_100598.jpg,1.0
img_55100.jpg,1.0
img_39682.jpg,1.0
img_13121.jpg,1.0
img_9532.jpg,1.0
img_82365.jpg,1.0
img_78509.jpg,1.0
img_46818.jpg,1.0
img_73468.jpg,1.0
img_656.jpg,1.0
img_37200.jpg,1.0
img_66490.jpg,1.0
img_1053.jpg,1.0
img_12458.jpg,1.0
img_95832.jpg,1.0
img_90764.jpg,1.0
img_95285.jpg,1.0
img_64635.jpg,1.0
img_87445.jpg,1.0
img_65060.jpg,1.0
img_71138.jpg,1.0
img_39839.jpg,1.0
img_70442.jpg,1.0
img_5514.jpg,1.0
img_78675.jpg,1.0
img_26342.jpg,1.0
img_68766.jpg,1.0
img_14184.jpg,0.0
img_6915.jpg,0.0
img_10675.jpg,0.0
img_11385.jpg,0.0
img_52118.jpg,0.0
img_41541.jpg,0.0
img_59460.jpg,0.0
img_60171.jpg,0.0
img_37307.jpg,0.0
img_68376.jpg,0.0
img_70244.jpg,0.0
img_63679.jpg,0.0
img_46949.jpg,0.0
img_47741.jpg,0.0
img_33305.jpg,0.0
img_16246.jpg,0.0
img_15506.jpg,0.0
img_2346.jpg,0.0
img_13142.jpg,0.0
img_13742.jpg,0.0
img_80339.jpg,0.0
img_80209.jpg,0.0
img_62461.jpg,0.0
img_76540.jpg,0.0
img_69350.jpg,0.0
img_57931.jpg,0.0
img_20958.jpg,0.0
img_31068.jpg,1.0
img_10792.jpg,1.0
img_34.jpg,1.0
img_2765.jpg,1.0
img_34435.jpg,1.0
img_33768.jpg,1.0
img_42144.jpg,1.0
img_36354.jpg,1.0
img_64276.jpg,1.0
img_39126.jpg,1.0
img_42336.jpg,1.0
img_50553.jpg,1.0
img_75979.jpg,1.0
img_40742.jpg,1.0
img_76249.jpg,1.0
img_97807.jpg,1.0
img_83282.jpg,1.0
img_80584.jpg,1.0
img_100828.jpg,1.0
img_75446.jpg,1.0
img_78183.jpg,1.0
img_75810.jpg,1.0
img_54849.jpg,1.0
img_98129.jpg,1.0
img_66888.jpg,1.0
img_5449.jpg,1.0
img_50792.jpg,1.0
img_63073.jpg,1.0
img_63140.jpg,1.0
img_80174.jpg,1.0
img_94048.jpg,1.0
img_30060.jpg,1.0
img_57598.jpg,1.0
img_49215.jpg,1.0
img_23158.jpg,1.0
img_17515.jpg,1.0
img_36597.jpg,1.0
img_35525.jpg,1.0
img_27480.jpg,1.0
img_16575.jpg,1.0
img_44419.jpg,1.0
img_4362.jpg,1.0
img_57112.jpg,1.0
img_10741.jpg,1.0
img_19386.jpg,1.0
img_66819.jpg,1.0
img_55719.jpg,1.0
img_48882.jpg,1.0
img_72493.jpg,1.0
img_27877.jpg,1.0
img_21767.jpg,1.0
img_53148.jpg,1.0
img_34224.jpg,1.0
img_75384.jpg,1.0
img_10446.jpg,1.0
img_81383.jpg,1.0
img_90325.jpg,1.0
img_34028.jpg,1.0
img_72492.jpg,1.0
img_32153.jpg,1.0
img_66723.jpg,1.0
img_39447.jpg,1.0
img_2380.jpg,1.0
img_81124.jpg,1.0
img_59772.jpg,1.0
img_2657.jpg,0.0
img_14919.jpg,0.0
img_2333.jpg,0.0
img_18002.jpg,0.0
img_14746.jpg,0.0
img_4525.jpg,0.0
img_672.jpg,0.0
img_7266.jpg,0.0
img_4496.jpg,0.0
img_9122.jpg,0.0
img_1119.jpg,0.0
img_60999.jpg,0.0
img_66213.jpg,0.0
img_38180.jpg,0.0
img_55412.jpg,0.0
img_52526.jpg,0.0
img_35392.jpg,0.0
img_51593.jpg,0.0
img_44341.jpg,0.0
img_49341.jpg,0.0
img_43004.jpg,0.0
img_46111.jpg,0.0
img_34796.jpg,0.0
img_67707.jpg,0.0
img_59295.jpg,0.0
img_39438.jpg,0.0
img_66670.jpg,0.0
img_55579.jpg,0.0
img_57386.jpg,0.0
img_44101.jpg,0.0
img_39561.jpg,0.0
img_8510.jpg,0.0
img_9309.jpg,0.0
img_2311.jpg,0.0
img_11162.jpg,0.0
img_14485.jpg,0.0
img_5149.jpg,0.0
img_6196.jpg,0.0
img_9103.jpg,0.0
img_2890.jpg,0.0
img_4407.jpg,0.0
img_2381.jpg,0.0
img_82515.jpg,0.0
img_82087.jpg,0.0
img_76254.jpg,0.0
img_57759.jpg,0.0
img_70374.jpg,0.0
img_77841.jpg,0.0
img_58616.jpg,0.0
img_72894.jpg,0.0
img_69998.jpg,0.0
img_73747.jpg,0.0
img_73448.jpg,0.0
img_69645.jpg,0.0
img_76388.jpg,0.0
img_61406.jpg,0.0
img_62457.jpg,0.0
img_77298.jpg,0.0
img_77347.jpg,0.0
img_23701.jpg,0.0
img_23025.jpg,0.0
img_22978.jpg,0.0
img_6364.jpg,0.0
img_8300.jpg,0.0
img_17318.jpg,0.0
img_18290.jpg,0.0
img_4199.jpg,0.0
img_5610.jpg,0.0
img_22635.jpg,0.0
img_19398.jpg,0.0
img_6732.jpg,0.0
img_3489.jpg,0.0
img_73734.jpg,1.0
img_60226.jpg,1.0
img_71483.jpg,1.0
img_35809.jpg,1.0
img_90273.jpg,1.0
img_68266.jpg,1.0
img_23142.jpg,1.0
img_29357.jpg,1.0
img_88930.jpg,1.0
img_86913.jpg,1.0
img_87060.jpg,1.0
img_10514.jpg,1.0
img_45571.jpg,1.0
img_28578.jpg,1.0
img_87245.jpg,1.0
img_81035.jpg,1.0
img_54712.jpg,1.0
img_63318.jpg,1.0
img_74632.jpg,1.0
img_13907.jpg,1.0
img_59868.jpg,1.0
img_61865.jpg,1.0
img_71240.jpg,1.0
img_84376.jpg,1.0
img_82453.jpg,1.0
img_58013.jpg,1.0
img_10141.jpg,1.0
img_59709.jpg,1.0
img_9648.jpg,1.0
img_16714.jpg,1.0
img_40733.jpg,1.0
img_41894.jpg,1.0
img_53356.jpg,1.0
img_9520.jpg,1.0
img_54086.jpg,1.0
img_34092.jpg,1.0
img_47385.jpg,1.0
img_27728.jpg,1.0
img_99342.jpg,1.0
img_23298.jpg,1.0
img_90865.jpg,1.0
img_51985.jpg,1.0
img_91777.jpg,1.0
img_139.jpg,1.0
img_4335.jpg,1.0
img_39787.jpg,1.0
img_92814.jpg,1.0
img_81340.jpg,1.0
img_82267.jpg,1.0
img_97265.jpg,1.0
img_82353.jpg,1.0
img_56251.jpg,1.0
img_62383.jpg,1.0
img_36854.jpg,1.0
img_73825.jpg,1.0
img_3349.jpg,1.0
img_8222.jpg,1.0
img_71478.jpg,1.0
img_70795.jpg,1.0
img_57739.jpg,1.0
img_32714.jpg,1.0
img_68629.jpg,1.0
img_47447.jpg,1.0
img_21699.jpg,1.0
img_37676.jpg,1.0
img_50942.jpg,1.0
img_7549.jpg,1.0
img_49150.jpg,1.0
img_35189.jpg,1.0
img_94437.jpg,1.0
img_84899.jpg,1.0
img_55683.jpg,1.0
img_6002.jpg,1.0
img_27760.jpg,1.0
img_73392.jpg,1.0
img_49161.jpg,1.0
img_53288.jpg,1.0
img_55583.jpg,1.0
img_41089.jpg,1.0
img_95596.jpg,1.0
img_101668.jpg,1.0
img_14552.jpg,1.0
img_94842.jpg,1.0
img_29918.jpg,1.0
img_83134.jpg,1.0
img_88085.jpg,1.0
img_96916.jpg,1.0
img_90159.jpg,1.0
img_80531.jpg,1.0
img_8465.jpg,0.0
img_3879.jpg,0.0
img_5796.jpg,0.0
img_17871.jpg,0.0
img_7380.jpg,0.0
img_6347.jpg,0.0
img_14428.jpg,0.0
img_7368.jpg,0.0
img_7317.jpg,0.0
img_9061.jpg,0.0
img_5242.jpg,0.0
img_6300.jpg,0.0
img_6212.jpg,0.0
img_71726.jpg,0.0
img_56804.jpg,0.0
img_63662.jpg,0.0
img_49445.jpg,0.0
img_55338.jpg,0.0
img_55152.jpg,0.0
img_67369.jpg,0.0
img_48977.jpg,0.0
img_34451.jpg,0.0
img_35305.jpg,0.0
img_51247.jpg,0.0
img_34920.jpg,0.0
img_44274.jpg,0.0
img_46217.jpg,0.0
img_38037.jpg,0.0
img_71589.jpg,0.0
img_68333.jpg,0.0
img_61253.jpg,0.0
img_74571.jpg,0.0
img_75158.jpg,0.0
img_37438.jpg,0.0
img_62656.jpg,0.0
img_69088.jpg,0.0
img_38337.jpg,0.0
img_2114.jpg,0.0
img_12185.jpg,0.0
img_4640.jpg,0.0
img_9682.jpg,0.0
img_12537.jpg,0.0
img_6811.jpg,0.0
img_11144.jpg,0.0
img_58467.jpg,0.0
img_77586.jpg,0.0
img_74289.jpg,0.0
img_78271.jpg,0.0
img_58743.jpg,0.0
img_76277.jpg,0.0
img_79820.jpg,0.0
img_63401.jpg,0.0
img_78827.jpg,0.0
img_70033.jpg,0.0
img_72432.jpg,0.0
img_61941.jpg,0.0
img_63638.jpg,0.0
img_67543.jpg,0.0
img_6679.jpg,0.0
img_1752.jpg,0.0
img_9253.jpg,0.0
img_12163.jpg,0.0
img_21178.jpg,0.0
img_133.jpg,0.0
img_21784.jpg,0.0
img_1104.jpg,0.0
img_1881.jpg,0.0
img_17002.jpg,0.0
img_18765.jpg,0.0
img_14783.jpg,0.0
img_23543.jpg,0.0
img_19281.jpg,0.0
img_6552.jpg,0.0
img_23155.jpg,0.0
img_5208.jpg,0.0
img_19521.jpg,0.0
